"Date","Price","Open","High","Low","Vol.","Change %"
"09/17/2024","23.84","23.51","24.02","23.16","2.81M","1.37%"
"09/16/2024","23.51","23.80","24.24","23.23","3.25M","-1.21%"
"09/15/2024","23.80","25.33","25.38","23.77","2.65M","-6.04%"
"09/14/2024","25.33","24.91","25.66","24.62","2.35M","1.65%"
"09/13/2024","24.92","24.01","25.10","23.67","3.38M","3.77%"
"09/12/2024","24.01","23.28","24.04","23.27","2.93M","3.16%"
"09/11/2024","23.28","24.35","24.51","22.91","3.17M","-4.42%"
"09/10/2024","24.35","23.85","24.57","23.58","2.80M","2.12%"
"09/09/2024","23.85","23.25","24.37","23.16","3.72M","2.60%"
"09/08/2024","23.25","21.79","23.50","21.72","3.36M","6.67%"
"09/07/2024","21.79","21.17","22.00","21.06","2.13M","2.94%"
"09/06/2024","21.17","21.37","22.15","20.52","4.50M","-0.93%"
"09/05/2024","21.37","21.91","22.17","21.23","2.41M","-2.45%"
"09/04/2024","21.90","21.38","22.28","20.54","3.42M","2.43%"
"09/03/2024","21.38","22.37","22.70","21.36","2.37M","-4.39%"
"09/02/2024","22.37","21.44","22.54","21.38","2.48M","4.32%"
"09/01/2024","21.44","22.80","22.83","21.22","3.07M","-5.94%"
"08/31/2024","22.80","23.29","23.40","22.48","1.60M","-2.11%"
"08/30/2024","23.29","22.91","23.62","22.23","3.12M","1.65%"
"08/29/2024","22.91","23.44","24.65","22.80","3.53M","-2.32%"
"08/28/2024","23.45","24.10","24.81","23.21","4.63M","-2.71%"
"08/27/2024","24.11","25.94","26.79","23.73","4.09M","-7.06%"
"08/26/2024","25.94","26.95","27.19","25.90","3.68M","-3.77%"
"08/25/2024","26.95","27.13","27.66","26.17","3.84M","-0.65%"
"08/24/2024","27.13","26.51","27.98","26.21","4.40M","2.32%"
"08/23/2024","26.51","25.22","26.92","25.22","5.95M","5.08%"
"08/22/2024","25.23","23.52","25.28","23.08","4.36M","7.27%"
"08/21/2024","23.52","22.26","23.78","22.25","3.80M","5.68%"
"08/20/2024","22.26","21.21","22.77","21.18","4.08M","4.92%"
"08/19/2024","21.21","20.82","21.23","20.40","2.35M","1.92%"
"08/18/2024","20.81","20.71","21.50","20.55","2.22M","0.52%"
"08/17/2024","20.71","20.37","20.71","20.24","1.51M","1.63%"
"08/16/2024","20.37","20.13","20.68","19.83","2.76M","1.24%"
"08/15/2024","20.13","20.96","21.15","19.88","3.69M","-3.97%"
"08/14/2024","20.96","21.38","21.86","20.83","2.67M","-2.00%"
"08/13/2024","21.38","21.27","21.61","20.61","2.94M","0.52%"
"08/12/2024","21.27","20.40","21.68","20.33","3.66M","4.27%"
"08/11/2024","20.40","21.59","22.33","20.40","2.73M","-5.48%"
"08/10/2024","21.59","21.76","21.99","21.41","1.95M","-0.78%"
"08/09/2024","21.76","22.73","22.78","21.32","3.42M","-4.30%"
"08/08/2024","22.73","19.82","22.78","19.54","4.46M","14.73%"
"08/07/2024","19.82","20.89","21.69","19.72","4.17M","-5.08%"
"08/06/2024","20.88","19.53","21.45","19.53","5.32M","6.93%"
"08/05/2024","19.52","21.25","21.34","17.35","16.52M","-8.11%"
"08/04/2024","21.25","22.67","22.94","20.66","4.02M","-6.28%"
"08/03/2024","22.67","23.61","24.10","22.20","3.67M","-4.01%"
"08/02/2024","23.61","25.72","25.89","23.39","4.32M","-8.18%"
"08/01/2024","25.72","25.72","25.90","24.11","3.89M","0.00%"
"07/31/2024","25.71","26.33","26.85","25.45","3.75M","-2.34%"
"07/30/2024","26.33","27.01","27.31","26.07","2.87M","-2.53%"
"07/29/2024","27.01","27.40","28.83","27.01","4.34M","-1.42%"
"07/28/2024","27.40","28.03","28.17","27.14","2.16M","-2.25%"
"07/27/2024","28.04","28.73","29.51","27.65","3.20M","-2.42%"
"07/26/2024","28.73","27.24","28.86","27.18","3.92M","5.46%"
"07/25/2024","27.24","28.36","28.58","26.30","4.72M","-3.96%"
"07/24/2024","28.37","29.84","30.50","28.29","6.82M","-4.94%"
"07/23/2024","29.84","31.88","32.61","29.51","13.02M","-6.40%"
"07/22/2024","31.88","32.65","32.91","31.32","15.80M","-2.36%"
"07/21/2024","32.65","29.11","32.96","28.58","25.91M","12.16%"
"07/20/2024","29.11","28.17","29.18","27.82","8.27M","3.36%"
"07/19/2024","28.17","27.14","28.40","26.68","11.67M","3.81%"
"07/18/2024","27.13","27.24","27.93","26.63","9.05M","-0.38%"
"07/17/2024","27.24","28.00","29.01","27.22","11.84M","-2.73%"
"07/16/2024","28.00","27.82","29.22","26.50","15.30M","0.64%"
"07/15/2024","27.82","26.33","27.87","26.28","11.85M","5.66%"
"07/14/2024","26.33","25.86","26.64","25.62","7.69M","1.83%"
"07/13/2024","25.86","25.96","26.34","25.55","9.17M","-0.38%"
"07/12/2024","25.96","25.21","26.09","24.85","6.52M","2.96%"
"07/11/2024","25.21","25.76","26.36","25.04","10.61M","-2.15%"
"07/10/2024","25.77","26.43","27.40","25.63","7.63M","-2.52%"
"07/09/2024","26.43","25.22","26.49","24.72","11.33M","4.81%"
"07/08/2024","25.22","25.72","27.18","24.60","15.47M","-1.94%"
"07/07/2024","25.72","27.41","27.48","25.50","7.48M","-6.18%"
"07/06/2024","27.41","25.11","27.60","24.93","6.96M","9.16%"
"07/05/2024","25.11","24.43","25.42","22.01","20.48M","2.69%"
"07/04/2024","24.45","26.52","26.69","24.33","10.81M","-7.80%"
"07/03/2024","26.52","28.70","28.97","26.44","10.23M","-7.66%"
"07/02/2024","28.72","28.82","28.88","28.09","8.14M","-0.35%"
"07/01/2024","28.82","29.38","30.10","28.82","9.32M","-1.91%"
"06/30/2024","29.38","27.77","29.54","27.43","7.70M","5.79%"
"06/29/2024","27.77","27.95","28.66","27.60","5.49M","-0.65%"
"06/28/2024","27.95","27.92","28.98","27.66","10.60M","0.10%"
"06/27/2024","27.92","25.82","28.36","25.36","11.14M","8.16%"
"06/26/2024","25.82","25.39","26.63","25.29","4.33M","1.67%"
"06/25/2024","25.39","24.80","25.74","24.62","3.09M","2.38%"
"06/24/2024","24.80","25.09","25.21","23.60","5.95M","-1.13%"
"06/23/2024","25.09","25.62","26.00","24.17","4.92M","-2.06%"
"06/22/2024","25.62","27.48","27.49","24.66","6.40M","-6.79%"
"06/21/2024","27.48","27.58","28.02","26.95","3.01M","-0.34%"
"06/20/2024","27.58","26.95","28.87","26.70","3.44M","2.33%"
"06/19/2024","26.95","26.60","27.66","26.39","2.81M","1.31%"
"06/18/2024","26.60","28.47","28.54","25.17","5.38M","-6.55%"
"06/17/2024","28.47","30.07","30.35","27.40","3.90M","-5.32%"
"06/16/2024","30.07","30.00","30.48","29.68","1.97M","0.21%"
"06/15/2024","30.00","30.30","30.64","29.93","1.65M","-0.97%"
"06/14/2024","30.29","30.99","32.12","29.31","4.23M","-2.26%"
"06/13/2024","31.00","33.27","33.42","30.94","2.98M","-6.84%"
"06/12/2024","33.27","31.56","33.99","30.81","3.90M","5.44%"
"06/11/2024","31.56","32.28","32.38","30.65","3.90M","-2.25%"
"06/10/2024","32.28","32.98","33.45","32.05","2.39M","-2.13%"
"06/09/2024","32.98","32.28","33.02","32.06","1.49M","2.20%"
"06/08/2024","32.27","33.52","33.72","31.97","2.61M","-3.71%"
"06/07/2024","33.52","35.90","36.86","31.36","6.09M","-6.62%"
"06/06/2024","35.90","36.57","37.18","35.77","2.56M","-1.83%"
"06/05/2024","36.57","36.06","36.90","35.93","2.91M","1.41%"
"06/04/2024","36.06","35.03","36.24","34.54","2.81M","2.89%"
"06/03/2024","35.04","34.92","36.26","34.60","3.14M","0.35%"
"06/02/2024","34.92","35.76","36.16","34.78","2.11M","-2.35%"
"06/01/2024","35.76","36.02","36.08","35.69","1.30M","-1.54%"
"05/31/2024","36.32","35.97","36.77","35.23","2.51M","0.94%"
"05/30/2024","35.98","36.19","37.08","35.33","3.34M","-0.57%"
"05/29/2024","36.19","37.01","37.48","36.16","3.10M","-2.21%"
"05/28/2024","37.01","38.26","38.38","36.56","4.14M","-3.28%"
"05/27/2024","38.26","36.76","38.90","36.67","2.95M","4.09%"
"05/26/2024","36.76","38.29","38.30","36.50","2.01M","-3.99%"
"05/25/2024","38.29","38.01","38.70","37.74","1.74M","0.72%"
"05/24/2024","38.01","38.51","38.97","36.96","3.14M","-1.24%"
"05/23/2024","38.49","40.01","40.45","36.59","5.89M","-3.80%"
"05/22/2024","40.01","41.20","41.74","39.25","4.68M","-2.88%"
"05/21/2024","41.20","40.14","41.38","39.67","6.43M","2.57%"
"05/20/2024","40.17","35.60","40.27","35.18","5.66M","12.81%"
"05/19/2024","35.60","37.25","37.75","35.41","2.36M","-4.41%"
"05/18/2024","37.25","36.43","37.65","36.35","2.66M","2.25%"
"05/17/2024","36.42","34.46","37.58","34.27","4.48M","5.71%"
"05/16/2024","34.46","34.66","35.00","33.77","3.12M","-0.59%"
"05/15/2024","34.66","31.58","34.75","31.37","4.43M","9.77%"
"05/14/2024","31.58","32.45","33.22","31.50","3.86M","-2.69%"
"05/13/2024","32.45","33.14","33.81","31.96","4.01M","-2.09%"
"05/12/2024","33.14","33.49","33.96","32.92","1.62M","-1.03%"
"05/11/2024","33.49","33.71","34.02","33.12","2.48M","-0.65%"
"05/10/2024","33.71","35.07","36.11","33.25","4.50M","-3.85%"
"05/09/2024","35.06","34.02","35.37","33.77","3.22M","3.02%"
"05/08/2024","34.03","35.31","35.50","33.67","4.13M","-3.66%"
"05/07/2024","35.32","37.12","37.59","35.29","3.84M","-4.85%"
"05/06/2024","37.12","37.35","39.83","36.81","5.76M","-0.62%"
"05/05/2024","37.35","37.36","37.96","36.68","3.61M","-0.02%"
"05/04/2024","37.36","35.54","37.65","35.20","3.81M","5.12%"
"05/03/2024","35.54","33.59","35.94","33.33","3.25M","5.79%"
"05/02/2024","33.59","33.32","34.11","32.32","3.64M","0.82%"
"05/01/2024","33.32","32.70","33.91","30.65","6.52M","1.92%"
"04/30/2024","32.69","35.29","35.71","32.00","5.46M","-7.36%"
"04/29/2024","35.29","33.95","35.81","32.86","4.43M","3.95%"
"04/28/2024","33.95","34.46","35.37","33.82","2.62M","-1.48%"
"04/27/2024","34.46","34.41","35.11","33.26","3.58M","0.16%"
"04/26/2024","34.40","35.58","35.84","34.28","3.47M","-3.30%"
"04/25/2024","35.58","36.36","36.73","34.74","4.27M","-2.16%"
"04/24/2024","36.37","38.30","39.80","36.06","4.68M","-5.05%"
"04/23/2024","38.30","39.21","39.84","37.99","2.79M","-2.34%"
"04/22/2024","39.22","37.14","39.67","36.78","2.83M","5.60%"
"04/21/2024","37.14","38.30","38.71","36.40","2.45M","-3.05%"
"04/20/2024","38.31","34.63","38.48","34.17","2.93M","10.62%"
"04/19/2024","34.63","34.84","36.07","31.98","4.90M","-0.59%"
"04/18/2024","34.84","33.59","35.56","32.85","4.05M","3.71%"
"04/17/2024","33.59","34.75","35.33","32.28","4.49M","-3.35%"
"04/16/2024","34.75","35.15","35.91","32.74","4.93M","-1.13%"
"04/15/2024","35.15","37.29","38.55","34.16","7.12M","-5.74%"
"04/14/2024","37.29","33.95","37.88","32.71","7.94M","9.92%"
"04/13/2024","33.93","39.35","39.35","29.38","11.47M","-13.79%"
"04/12/2024","39.35","46.02","46.86","36.65","6.59M","-14.50%"
"04/11/2024","46.02","47.30","47.50","45.62","2.43M","-2.67%"
"04/10/2024","47.29","46.46","48.00","45.58","3.47M","1.77%"
"04/09/2024","46.47","49.87","49.96","46.39","2.84M","-6.83%"
"04/08/2024","49.87","49.34","50.79","48.29","2.94M","1.07%"
"04/07/2024","49.34","48.18","49.46","47.91","1.96M","2.42%"
"04/06/2024","48.18","45.30","48.76","45.06","3.07M","6.32%"
"04/05/2024","45.31","46.50","46.58","44.35","2.83M","-2.56%"
"04/04/2024","46.50","45.88","48.13","45.44","2.82M","1.34%"
"04/03/2024","45.88","46.86","48.29","44.99","3.67M","-2.08%"
"04/02/2024","46.86","51.38","51.38","46.32","4.92M","-8.81%"
"04/01/2024","51.38","54.06","54.06","50.31","4.57M","-4.96%"
"03/31/2024","54.07","52.93","54.25","52.89","1.99M","2.12%"
"03/30/2024","52.94","53.33","54.60","52.78","2.24M","-0.73%"
"03/29/2024","53.33","54.62","54.65","52.53","2.64M","-2.38%"
"03/28/2024","54.63","54.09","55.02","53.20","2.79M","1.07%"
"03/27/2024","54.05","55.78","56.71","53.09","5.11M","-3.14%"
"03/26/2024","55.80","57.78","59.27","55.36","5.47M","-3.44%"
"03/25/2024","57.78","55.67","59.17","54.98","5.84M","3.81%"
"03/24/2024","55.66","53.42","55.82","52.45","3.49M","4.21%"
"03/23/2024","53.42","53.42","55.90","52.65","4.23M","-0.01%"
"03/22/2024","53.42","53.82","57.70","51.65","8.32M","-0.73%"
"03/21/2024","53.82","57.07","57.82","52.82","7.29M","-5.71%"
"03/20/2024","57.07","53.66","58.08","50.45","13.68M","6.36%"
"03/19/2024","53.66","60.69","61.80","53.23","17.79M","-11.58%"
"03/18/2024","60.68","58.33","65.30","55.34","17.17M","4.03%"
"03/17/2024","58.33","53.47","58.37","50.19","9.37M","8.96%"
"03/16/2024","53.53","58.43","61.41","52.04","14.10M","-8.56%"
"03/15/2024","58.54","53.96","58.69","48.80","22.32M","8.50%"
"03/14/2024","53.96","54.83","59.17","50.57","11.48M","-1.60%"
"03/13/2024","54.84","55.52","55.52","52.36","8.63M","-1.23%"
"03/12/2024","55.52","48.99","57.32","46.44","18.17M","13.34%"
"03/11/2024","48.99","42.04","49.52","40.17","12.74M","16.52%"
"03/10/2024","42.04","42.92","43.91","40.95","4.27M","-2.04%"
"03/09/2024","42.91","42.61","43.53","42.33","3.78M","0.70%"
"03/08/2024","42.61","43.20","43.94","41.13","5.78M","-1.36%"
"03/07/2024","43.20","41.53","44.46","41.53","7.25M","4.03%"
"03/06/2024","41.53","39.46","42.10","37.93","6.38M","5.25%"
"03/05/2024","39.46","43.06","44.98","35.11","13.27M","-8.35%"
"03/04/2024","43.05","42.60","43.97","41.51","7.21M","1.05%"
"03/03/2024","42.60","44.41","44.86","41.07","5.06M","-4.09%"
"03/02/2024","44.42","42.69","44.52","42.03","5.58M","3.78%"
"03/01/2024","42.80","40.91","43.31","40.91","5.30M","4.63%"
"02/29/2024","40.91","40.32","44.58","39.65","8.47M","1.45%"
"02/28/2024","40.32","39.26","41.21","36.89","7.46M","2.70%"
"02/27/2024","39.26","39.29","39.91","38.44","3.43M","-0.07%"
"02/26/2024","39.29","37.46","39.34","36.30","4.19M","4.87%"
"02/25/2024","37.46","36.77","37.49","36.43","2.23M","1.88%"
"02/24/2024","36.77","35.92","36.94","35.21","2.16M","2.41%"
"02/23/2024","35.90","36.78","36.94","35.22","3.44M","-2.40%"
"02/22/2024","36.78","37.61","38.21","36.55","3.00M","-2.20%"
"02/21/2024","37.61","38.50","38.54","35.91","3.59M","-2.30%"
"02/20/2024","38.50","39.50","39.68","36.99","4.83M","-2.53%"
"02/19/2024","39.49","40.29","40.63","39.19","3.98M","-1.98%"
"02/18/2024","40.29","39.75","40.74","39.00","2.49M","1.34%"
"02/17/2024","39.76","40.25","40.44","38.47","2.84M","-1.22%"
"02/16/2024","40.25","41.55","41.79","39.56","3.72M","-3.13%"
"02/15/2024","41.55","42.22","43.50","40.98","5.39M","-1.59%"
"02/14/2024","42.22","39.74","42.40","39.14","5.60M","6.26%"
"02/13/2024","39.74","41.00","41.69","38.92","4.96M","-3.09%"
"02/12/2024","41.00","39.71","41.17","38.41","5.89M","3.25%"
"02/11/2024","39.71","40.21","41.17","39.39","3.04M","-1.22%"
"02/10/2024","40.21","37.99","41.22","37.99","4.93M","5.84%"
"02/09/2024","37.99","35.41","38.57","35.41","5.77M","7.28%"
"02/08/2024","35.41","35.30","36.12","35.11","3.53M","0.37%"
"02/07/2024","35.28","34.15","35.49","33.74","3.06M","3.31%"
"02/06/2024","34.15","34.53","34.74","33.77","2.71M","-1.13%"
"02/05/2024","34.53","34.84","35.91","34.13","2.96M","-0.87%"
"02/04/2024","34.84","35.96","36.53","34.74","2.25M","-3.12%"
"02/03/2024","35.96","36.77","37.58","35.43","2.92M","-2.20%"
"02/02/2024","36.77","33.85","36.92","33.78","5.13M","8.61%"
"02/01/2024","33.85","33.19","33.95","32.34","3.24M","2.07%"
"01/31/2024","33.17","35.14","35.48","33.14","3.89M","-5.58%"
"01/30/2024","35.13","36.08","37.10","35.02","4.35M","-2.61%"
"01/29/2024","36.07","34.83","36.50","34.37","4.35M","3.58%"
"01/28/2024","34.82","33.29","36.65","33.20","6.10M","4.64%"
"01/27/2024","33.28","32.26","33.28","31.88","2.04M","3.18%"
"01/26/2024","32.25","30.50","33.03","30.15","3.98M","5.73%"
"01/25/2024","30.50","31.19","31.34","29.63","2.65M","-2.20%"
"01/24/2024","31.19","30.64","31.89","29.50","4.09M","1.80%"
"01/23/2024","30.64","29.52","30.66","27.27","5.51M","3.79%"
"01/22/2024","29.52","32.55","32.72","29.44","4.04M","-9.31%"
"01/21/2024","32.55","32.89","33.47","32.46","1.66M","-0.97%"
"01/20/2024","32.87","32.73","32.98","32.04","1.95M","0.43%"
"01/19/2024","32.73","33.58","33.74","31.22","3.20M","-2.54%"
"01/18/2024","33.58","36.05","36.16","32.81","3.24M","-6.84%"
"01/17/2024","36.05","35.58","36.48","35.31","2.81M","1.31%"
"01/16/2024","35.58","35.62","36.54","34.81","2.49M","-0.07%"
"01/15/2024","35.61","35.29","36.80","35.18","2.26M","0.90%"
"01/14/2024","35.29","36.49","37.83","35.29","2.84M","-3.29%"
"01/13/2024","36.49","35.93","36.62","34.75","2.57M","1.56%"
"01/12/2024","35.93","39.30","39.56","34.54","3.99M","-8.58%"
"01/11/2024","39.30","38.51","41.72","37.54","5.94M","2.03%"
"01/10/2024","38.52","34.67","39.52","33.54","5.18M","11.10%"
"01/09/2024","34.67","36.08","37.59","33.83","4.85M","-3.96%"
"01/08/2024","36.10","33.61","36.40","31.21","6.01M","7.41%"
"01/07/2024","33.61","34.62","35.74","33.13","3.30M","-2.93%"
"01/06/2024","34.63","36.46","36.51","33.44","3.43M","-5.02%"
"01/05/2024","36.46","38.70","38.89","35.07","4.37M","-5.80%"
"01/04/2024","38.70","36.79","39.39","36.17","4.38M","5.20%"
"01/03/2024","36.79","40.59","41.40","33.06","6.32M","-9.36%"
"01/02/2024","40.59","41.88","43.42","40.37","3.65M","-3.08%"
"01/01/2024","41.88","38.54","41.98","38.07","2.75M","8.67%"
"12/31/2023","38.54","39.32","40.51","37.67","2.22M","-1.98%"
"12/30/2023","39.32","40.17","40.35","38.18","2.23M","-2.12%"
"12/29/2023","40.17","39.83","42.12","38.56","5.10M","0.85%"
"12/28/2023","39.83","42.42","43.32","39.25","5.08M","-6.10%"
"12/27/2023","42.42","44.47","44.93","41.90","4.32M","-4.61%"
"12/26/2023","44.47","48.19","48.30","41.29","5.16M","-7.71%"
"12/25/2023","48.18","47.69","48.88","45.99","4.52M","1.14%"
"12/24/2023","47.64","48.12","49.86","46.47","6.78M","-0.99%"
"12/23/2023","48.11","45.35","48.25","43.50","5.08M","6.10%"
"12/22/2023","45.35","45.97","48.86","43.68","6.96M","-1.35%"
"12/21/2023","45.97","43.45","47.07","43.09","7.67M","5.80%"
"12/20/2023","43.45","39.74","44.45","39.15","6.90M","9.33%"
"12/19/2023","39.74","41.16","42.10","38.79","5.19M","-3.31%"
"12/18/2023","41.10","40.62","41.39","36.55","7.30M","1.19%"
"12/17/2023","40.62","42.22","43.99","40.30","5.38M","-3.80%"
"12/16/2023","42.22","39.71","45.30","38.53","9.14M","6.24%"
"12/15/2023","39.74","39.27","42.15","38.54","9.41M","1.20%"
"12/14/2023","39.27","38.94","40.31","37.36","7.63M","0.85%"
"12/13/2023","38.94","37.46","41.33","34.17","12.29M","3.95%"
"12/12/2023","37.46","38.04","42.84","36.06","12.90M","-1.63%"
"12/11/2023","38.08","37.11","39.37","32.44","18.20M","2.62%"
"12/10/2023","37.11","31.86","37.87","31.54","9.54M","16.48%"
"12/09/2023","31.86","30.47","34.20","30.47","10.81M","4.55%"
"12/08/2023","30.47","26.26","30.75","26.07","8.63M","16.04%"
"12/07/2023","26.26","26.20","27.85","25.76","7.69M","0.25%"
"12/06/2023","26.20","24.38","27.63","24.38","11.43M","7.46%"
"12/05/2023","24.38","22.59","24.65","21.71","6.97M","7.89%"
"12/04/2023","22.60","21.85","23.03","21.08","6.14M","3.35%"
"12/03/2023","21.87","22.16","22.60","21.56","3.22M","-1.30%"
"12/02/2023","22.15","21.81","22.30","21.71","2.76M","1.60%"
"12/01/2023","21.81","21.34","22.55","21.08","4.86M","2.24%"
"11/30/2023","21.33","21.07","21.44","20.79","3.53M","1.19%"
"11/29/2023","21.08","20.64","21.52","20.53","4.56M","2.13%"
"11/28/2023","20.64","20.33","20.78","19.52","4.12M","1.48%"
"11/27/2023","20.33","21.06","21.29","19.84","3.82M","-3.40%"
"11/26/2023","21.05","21.32","21.46","20.19","3.36M","-1.27%"
"11/25/2023","21.32","20.88","21.46","20.62","2.82M","2.11%"
"11/24/2023","20.88","20.61","21.83","20.44","4.36M","1.29%"
"11/23/2023","20.61","20.78","21.47","20.45","3.90M","-0.79%"
"11/22/2023","20.78","19.01","21.24","19.01","7.05M","9.29%"
"11/21/2023","19.01","20.86","22.21","18.99","12.14M","-8.86%"
"11/20/2023","20.86","22.85","23.21","20.75","6.50M","-8.71%"
"11/19/2023","22.85","21.99","23.01","20.76","6.06M","3.92%"
"11/18/2023","21.99","21.94","22.68","20.21","7.33M","0.22%"
"11/17/2023","21.94","21.72","24.61","20.05","17.52M","1.02%"
"11/16/2023","21.72","20.70","24.00","20.24","18.87M","4.93%"
"11/15/2023","20.70","17.07","20.93","17.03","16.69M","21.27%"
"11/14/2023","17.07","16.11","18.10","15.67","12.07M","5.94%"
"11/13/2023","16.11","18.95","19.67","16.11","10.69M","-14.98%"
"11/12/2023","18.95","16.81","19.67","15.96","14.98M","12.72%"
"11/11/2023","16.81","14.73","16.97","14.00","13.17M","14.13%"
"11/10/2023","14.73","12.96","14.85","12.92","10.19M","13.66%"
"11/09/2023","12.96","12.99","13.95","12.06","9.07M","-0.20%"
"11/08/2023","12.99","12.81","13.15","12.66","4.75M","1.38%"
"11/07/2023","12.81","13.06","13.09","12.30","4.46M","-1.92%"
"11/06/2023","13.06","12.34","13.16","12.24","3.07M","5.83%"
"11/05/2023","12.34","12.21","12.67","12.10","2.62M","1.07%"
"11/04/2023","12.21","12.11","12.32","11.94","1.51M","0.82%"
"11/03/2023","12.11","11.88","12.17","11.48","2.47M","1.93%"
"11/02/2023","11.88","12.23","12.52","11.47","6.24M","-2.84%"
"11/01/2023","12.23","11.32","12.31","10.90","7.11M","8.02%"
"10/31/2023","11.32","11.46","11.75","11.05","6.43M","-1.28%"
"10/30/2023","11.47","11.37","11.68","11.06","3.68M","0.84%"
"10/29/2023","11.37","10.97","11.44","10.79","2.08M","3.63%"
"10/28/2023","10.97","10.59","11.08","10.55","3.54M","3.67%"
"10/27/2023","10.58","11.05","11.06","10.42","5.13M","-4.22%"
"10/26/2023","11.05","10.52","11.45","10.37","9.15M","5.05%"
"10/25/2023","10.52","10.32","10.63","10.19","5.93M","1.97%"
"10/24/2023","10.32","10.57","10.80","10.12","7.85M","-2.43%"
"10/23/2023","10.57","10.08","10.66","9.88","7.95M","4.91%"
"10/22/2023","10.08","9.63","10.08","9.54","5.29M","4.64%"
"10/21/2023","9.63","9.22","9.80","9.17","4.79M","4.47%"
"10/20/2023","9.22","9.07","9.37","9.02","4.63M","1.72%"
"10/19/2023","9.06","8.91","9.11","8.68","3.55M","1.72%"
"10/18/2023","8.91","9.10","9.21","8.84","3.58M","-2.14%"
"10/17/2023","9.10","9.41","9.41","9.05","4.07M","-3.25%"
"10/16/2023","9.41","9.17","9.77","9.17","2.44M","2.62%"
"10/15/2023","9.17","9.15","9.26","9.08","1.02M","0.22%"
"10/14/2023","9.15","9.15","9.25","9.13","477.43K","0.00%"
"10/13/2023","9.15","9.11","9.33","9.03","1.76M","0.33%"
"10/12/2023","9.12","9.30","9.32","8.89","2.77M","-2.03%"
"10/11/2023","9.31","9.53","9.56","9.22","2.67M","-2.32%"
"10/10/2023","9.53","9.54","9.83","9.43","3.02M","-0.09%"
"10/09/2023","9.54","10.08","10.08","9.36","3.28M","-5.39%"
"10/08/2023","10.08","10.35","10.53","9.97","2.48M","-2.60%"
"10/07/2023","10.35","10.65","11.61","10.26","6.14M","-2.82%"
"10/06/2023","10.65","10.12","10.81","10.12","3.13M","5.24%"
"10/05/2023","10.12","10.10","10.30","9.82","3.74M","0.20%"
"10/04/2023","10.10","9.42","10.21","9.16","4.08M","7.22%"
"10/03/2023","9.42","9.32","9.47","9.23","1.35M","1.06%"
"10/02/2023","9.32","9.75","9.81","9.21","2.01M","-4.36%"
"10/01/2023","9.75","9.24","9.82","9.21","2.94M","5.42%"
"09/30/2023","9.24","9.17","9.30","9.11","2.75M","0.79%"
"09/29/2023","9.17","9.27","9.36","9.08","4.01M","-1.04%"
"09/28/2023","9.27","8.92","9.35","8.91","3.85M","3.87%"
"09/27/2023","8.92","9.05","9.19","8.84","3.06M","-1.43%"
"09/26/2023","9.05","8.95","9.06","8.88","2.39M","1.15%"
"09/25/2023","8.95","8.78","8.96","8.65","2.34M","1.93%"
"09/24/2023","8.78","8.90","9.04","8.76","1.46M","-1.33%"
"09/23/2023","8.90","8.86","8.98","8.83","1.90M","0.37%"
"09/22/2023","8.86","8.83","8.92","8.76","2.79M","0.44%"
"09/21/2023","8.83","9.04","9.11","8.80","3.75M","-2.42%"
"09/20/2023","9.04","9.21","9.24","8.90","3.82M","-1.82%"
"09/19/2023","9.21","9.11","9.30","9.04","3.47M","1.14%"
"09/18/2023","9.11","9.10","9.31","8.82","3.42M","0.10%"
"09/17/2023","9.10","9.38","9.38","9.02","1.07M","-2.99%"
"09/16/2023","9.38","9.42","9.60","9.36","907.68K","-0.43%"
"09/15/2023","9.42","9.40","9.51","9.20","1.38M","0.25%"
"09/14/2023","9.40","9.29","9.47","9.26","2.04M","1.10%"
"09/13/2023","9.29","9.21","9.43","9.11","2.42M","0.87%"
"09/12/2023","9.21","9.23","9.56","9.21","3.14M","-0.20%"
"09/11/2023","9.23","9.47","9.51","9.10","2.53M","-2.50%"
"09/10/2023","9.47","9.84","9.84","9.29","2.24M","-3.78%"
"09/09/2023","9.84","9.93","9.93","9.84","925.37K","-0.88%"
"09/08/2023","9.93","10.09","10.14","9.86","1.71M","-1.56%"
"09/07/2023","10.09","9.95","10.13","9.84","1.72M","1.39%"
"09/06/2023","9.95","9.91","10.05","9.80","1.75M","0.36%"
"09/05/2023","9.91","9.80","9.96","9.68","1.73M","1.11%"
"09/04/2023","9.80","9.88","10.04","9.70","1.69M","-0.84%"
"09/03/2023","9.88","9.91","9.99","9.84","1.99M","-0.21%"
"09/02/2023","9.91","9.93","9.97","9.77","2.14M","-0.23%"
"09/01/2023","9.93","9.98","10.07","9.77","2.50M","-0.43%"
"08/31/2023","9.97","10.41","10.53","9.85","2.98M","-4.19%"
"08/30/2023","10.41","10.81","10.82","10.33","2.46M","-3.80%"
"08/29/2023","10.82","10.38","11.18","10.33","3.37M","4.26%"
"08/28/2023","10.38","10.20","10.44","9.95","2.01M","1.76%"
"08/27/2023","10.20","10.10","10.28","10.07","1.87M","1.00%"
"08/26/2023","10.10","10.05","10.13","10.01","1.73M","0.44%"
"08/25/2023","10.05","10.12","10.13","9.90","2.68M","-0.65%"
"08/24/2023","10.12","10.33","10.36","9.99","2.56M","-2.11%"
"08/23/2023","10.33","10.15","10.47","10.06","2.65M","1.82%"
"08/22/2023","10.15","10.36","10.38","9.77","3.61M","-2.07%"
"08/21/2023","10.36","10.86","10.87","10.19","2.91M","-4.61%"
"08/20/2023","10.87","10.82","10.92","10.75","2.01M","0.46%"
"08/19/2023","10.82","10.81","10.89","10.56","2.41M","0.08%"
"08/18/2023","10.81","10.59","11.00","10.56","2.80M","2.05%"
"08/17/2023","10.59","11.39","11.50","10.02","2.65M","-7.01%"
"08/16/2023","11.39","11.83","11.86","11.11","1.95M","-3.73%"
"08/15/2023","11.83","12.37","12.38","11.43","1.97M","-4.33%"
"08/14/2023","12.36","12.27","12.46","12.19","2.00M","0.72%"
"08/13/2023","12.27","12.40","12.43","12.21","1.84M","-0.97%"
"08/12/2023","12.40","12.45","12.49","12.36","1.58M","-0.42%"
"08/11/2023","12.45","12.48","12.55","12.38","1.80M","-0.28%"
"08/10/2023","12.48","12.62","12.66","12.47","2.09M","-1.10%"
"08/09/2023","12.62","12.70","12.80","12.50","1.87M","-0.61%"
"08/08/2023","12.70","12.47","12.77","12.40","2.46M","1.86%"
"08/07/2023","12.47","12.59","12.75","12.22","2.30M","-0.97%"
"08/06/2023","12.59","12.45","12.66","12.43","1.86M","1.16%"
"08/05/2023","12.45","12.41","12.45","12.29","1.75M","0.30%"
"08/04/2023","12.41","12.45","12.60","12.32","2.00M","-0.32%"
"08/03/2023","12.45","12.54","12.64","12.39","2.25M","-0.80%"
"08/02/2023","12.55","12.89","12.96","12.45","1.92M","-2.52%"
"08/01/2023","12.87","12.82","12.89","12.51","1.83M","0.43%"
"07/31/2023","12.82","13.12","13.28","12.72","1.55M","-2.33%"
"07/30/2023","13.12","13.24","13.41","12.95","1.29M","-0.84%"
"07/29/2023","13.23","13.22","13.29","13.15","653.21K","0.00%"
"07/28/2023","13.23","13.15","13.29","13.02","1.08M","0.62%"
"07/27/2023","13.15","13.27","13.42","13.03","1.34M","-0.89%"
"07/26/2023","13.27","13.33","13.45","13.10","1.82M","-0.47%"
"07/25/2023","13.33","13.11","13.44","13.04","2.03M","1.72%"
"07/24/2023","13.11","13.54","13.60","12.89","1.95M","-3.19%"
"07/23/2023","13.54","13.52","13.75","13.42","1.22M","0.17%"
"07/22/2023","13.52","13.98","14.05","13.36","1.33M","-3.29%"
"07/21/2023","13.98","13.86","14.06","13.73","1.34M","0.83%"
"07/20/2023","13.86","13.99","14.42","13.72","2.19M","-0.93%"
"07/19/2023","13.99","13.81","14.27","13.77","1.66M","1.32%"
"07/18/2023","13.81","14.40","14.58","13.67","1.76M","-4.10%"
"07/17/2023","14.40","14.30","14.62","13.90","1.89M","0.70%"
"07/16/2023","14.30","14.84","14.92","14.18","1.68M","-3.64%"
"07/15/2023","14.84","14.64","15.32","14.42","2.37M","1.36%"
"07/14/2023","14.64","14.10","15.92","14.05","9.00M","3.83%"
"07/13/2023","14.10","13.02","14.17","12.90","4.32M","8.29%"
"07/12/2023","13.02","13.27","13.34","12.89","1.78M","-1.88%"
"07/11/2023","13.27","13.39","13.69","13.16","2.04M","-0.90%"
"07/10/2023","13.39","13.59","13.84","13.20","2.60M","-1.47%"
"07/09/2023","13.59","13.66","14.20","13.57","2.94M","-0.51%"
"07/08/2023","13.66","12.74","13.86","12.73","4.18M","7.22%"
"07/07/2023","12.74","12.38","12.75","12.30","1.55M","2.90%"
"07/06/2023","12.38","12.67","13.11","12.28","2.35M","-2.29%"
"07/05/2023","12.67","13.03","13.15","12.52","2.04M","-2.76%"
"07/04/2023","13.03","13.24","13.40","13.02","2.18M","-1.59%"
"07/03/2023","13.24","13.13","13.45","13.07","2.46M","0.84%"
"07/02/2023","13.13","13.00","13.21","12.73","2.06M","1.00%"
"07/01/2023","13.00","13.03","13.15","12.85","1.61M","-0.15%"
"06/30/2023","13.02","12.68","13.32","12.26","3.98M","2.76%"
"06/29/2023","12.67","12.34","12.94","12.27","1.83M","2.67%"
"06/28/2023","12.34","13.19","13.21","12.11","2.72M","-6.44%"
"06/27/2023","13.19","13.15","13.46","13.10","1.37M","0.30%"
"06/26/2023","13.15","13.44","13.66","12.98","2.18M","-2.15%"
"06/25/2023","13.44","13.00","13.68","12.97","1.51M","3.38%"
"06/24/2023","13.00","13.28","13.40","12.76","1.44M","-2.10%"
"06/23/2023","13.28","12.65","13.49","12.65","2.34M","4.98%"
"06/22/2023","12.65","12.91","13.22","12.62","2.30M","-2.01%"
"06/21/2023","12.91","12.12","13.03","12.06","2.82M","6.52%"
"06/20/2023","12.12","11.48","12.12","11.19","1.67M","5.58%"
"06/19/2023","11.48","11.34","11.51","11.18","1.16M","1.23%"
"06/18/2023","11.34","11.62","11.63","11.31","1.37M","-2.41%"
"06/17/2023","11.62","11.54","11.85","11.48","1.19M","0.69%"
"06/16/2023","11.54","11.41","11.71","11.27","1.25M","1.14%"
"06/15/2023","11.41","11.38","11.57","11.04","2.39M","0.26%"
"06/14/2023","11.38","11.80","11.96","11.23","2.10M","-3.56%"
"06/13/2023","11.80","11.52","12.05","11.44","2.00M","2.43%"
"06/12/2023","11.52","11.58","11.59","11.24","2.03M","-0.43%"
"06/11/2023","11.57","11.66","11.81","11.47","1.73M","-0.78%"
"06/10/2023","11.66","13.75","13.75","10.06","7.81M","-15.20%"
"06/09/2023","13.75","13.93","14.24","13.72","1.36M","-1.29%"
"06/08/2023","13.93","14.01","14.10","13.79","941.92K","-0.64%"
"06/07/2023","14.02","14.62","14.70","13.98","1.73M","-4.10%"
"06/06/2023","14.62","13.87","14.67","13.82","2.02M","5.41%"
"06/05/2023","13.87","14.79","14.88","13.52","2.88M","-6.15%"
"06/04/2023","14.78","14.58","14.92","14.52","1.09M","1.37%"
"06/03/2023","14.58","14.49","14.60","14.40","740.99K","0.62%"
"06/02/2023","14.49","14.09","14.56","14.01","1.19M","2.84%"
"06/01/2023","14.09","14.11","14.29","13.86","1.06M","-0.14%"
"05/31/2023","14.11","14.45","14.46","14.00","1.17M","-2.35%"
"05/30/2023","14.45","14.48","14.73","14.37","1.21M","-0.21%"
"05/29/2023","14.48","14.89","14.97","14.35","1.37M","-2.76%"
"05/28/2023","14.89","14.57","15.04","14.26","1.69M","2.20%"
"05/27/2023","14.57","14.32","14.61","14.27","878.90K","1.67%"
"05/26/2023","14.33","14.08","14.39","13.96","1.18M","1.77%"
"05/25/2023","14.08","14.15","14.25","13.78","1.43M","-0.49%"
"05/24/2023","14.15","14.71","14.71","14.01","1.54M","-3.81%"
"05/23/2023","14.71","14.68","14.95","14.61","1.10M","0.21%"
"05/22/2023","14.68","14.31","14.77","14.11","1.36M","2.58%"
"05/21/2023","14.31","14.63","14.69","14.20","810.18K","-2.19%"
"05/20/2023","14.63","14.68","14.71","14.53","454.64K","-0.34%"
"05/19/2023","14.68","14.68","14.83","14.57","857.33K","0.00%"
"05/18/2023","14.68","15.16","15.18","14.47","1.41M","-3.16%"
"05/17/2023","15.16","14.90","15.30","14.62","1.38M","1.74%"
"05/16/2023","14.90","15.08","15.16","14.74","1.06M","-1.19%"
"05/15/2023","15.08","15.03","15.34","14.81","1.32M","0.40%"
"05/14/2023","15.02","14.91","15.14","14.80","658.50K","0.74%"
"05/13/2023","14.91","15.18","15.21","14.90","596.23K","-1.78%"
"05/12/2023","15.18","14.96","15.21","14.63","1.54M","1.47%"
"05/11/2023","14.96","15.52","15.53","14.81","1.36M","-3.61%"
"05/10/2023","15.52","15.31","15.72","14.73","2.70M","1.37%"
"05/09/2023","15.31","15.41","15.58","15.22","984.40K","-0.65%"
"05/08/2023","15.41","16.40","16.49","14.96","2.69M","-6.15%"
"05/07/2023","16.42","16.58","16.72","16.34","797.60K","-0.97%"
"05/06/2023","16.58","17.38","17.48","16.44","1.26M","-4.60%"
"05/05/2023","17.38","16.93","17.41","16.86","1.69M","2.66%"
"05/04/2023","16.93","17.21","17.27","16.80","943.18K","-1.63%"
"05/03/2023","17.21","16.84","17.36","16.40","1.45M","2.14%"
"05/02/2023","16.85","16.65","16.97","16.51","824.36K","1.20%"
"05/01/2023","16.65","17.08","17.21","16.52","1.23M","-2.52%"
"04/30/2023","17.08","17.49","17.83","17.08","941.61K","-2.34%"
"04/29/2023","17.49","17.55","17.72","17.37","629.53K","-0.35%"
"04/28/2023","17.55","17.73","17.81","17.26","957.15K","-1.01%"
"04/27/2023","17.73","17.18","17.92","17.11","1.65M","3.20%"
"04/26/2023","17.18","17.63","18.22","16.33","2.88M","-2.55%"
"04/25/2023","17.63","16.92","17.75","16.76","1.72M","4.20%"
"04/24/2023","16.92","16.85","17.25","16.56","1.26M","0.42%"
"04/23/2023","16.85","17.21","17.24","16.54","1.10M","-2.09%"
"04/22/2023","17.21","16.94","17.35","16.82","1.19M","1.60%"
"04/21/2023","16.94","18.31","18.51","16.76","3.01M","-7.48%"
"04/20/2023","18.31","18.98","19.43","18.25","2.61M","-3.58%"
"04/19/2023","18.99","21.20","21.20","18.66","3.72M","-10.42%"
"04/18/2023","21.20","20.51","21.53","20.35","2.47M","3.36%"
"04/17/2023","20.51","20.19","21.17","19.98","4.43M","1.59%"
"04/16/2023","20.19","19.07","20.48","18.85","2.58M","5.87%"
"04/15/2023","19.07","19.22","19.51","18.99","1.59M","-0.78%"
"04/14/2023","19.22","18.84","19.31","18.49","2.45M","2.02%"
"04/13/2023","18.84","18.25","19.02","18.12","2.56M","3.23%"
"04/12/2023","18.25","18.13","18.69","17.68","3.67M","0.66%"
"04/11/2023","18.13","17.94","18.60","17.88","1.57M","1.06%"
"04/10/2023","17.94","17.54","17.96","17.38","1.08M","2.28%"
"04/09/2023","17.54","17.46","17.65","17.26","679.79K","0.46%"
"04/08/2023","17.46","17.60","17.74","17.35","622.64K","-0.80%"
"04/07/2023","17.60","17.97","18.13","17.48","1.09M","-2.06%"
"04/06/2023","17.97","18.00","18.32","17.66","1.58M","-0.11%"
"04/05/2023","17.99","17.65","18.34","17.63","2.29M","1.93%"
"04/04/2023","17.65","17.11","17.65","16.97","1.37M","3.16%"
"04/03/2023","17.11","17.26","17.45","16.70","1.79M","-0.87%"
"04/02/2023","17.26","17.80","17.85","17.10","981.65K","-3.03%"
"04/01/2023","17.80","17.70","17.89","17.54","923.46K","0.56%"
"03/31/2023","17.70","17.23","17.83","17.09","1.65M","2.67%"
"03/30/2023","17.24","17.31","17.54","16.98","1.96M","-0.41%"
"03/29/2023","17.31","16.71","17.40","16.66","1.72M","3.65%"
"03/28/2023","16.70","16.49","16.83","16.32","1.49M","1.28%"
"03/27/2023","16.49","17.12","17.15","16.11","1.58M","-3.68%"
"03/26/2023","17.12","16.89","17.27","16.86","917.25K","1.36%"
"03/25/2023","16.89","16.94","17.15","16.39","1.08M","-0.30%"
"03/24/2023","16.94","17.54","17.64","16.69","1.27M","-3.42%"
"03/23/2023","17.54","16.73","17.82","16.58","2.26M","4.84%"
"03/22/2023","16.73","17.44","17.92","16.32","3.67M","-4.07%"
"03/21/2023","17.44","16.63","17.54","16.35","2.14M","4.87%"
"03/20/2023","16.63","17.50","17.76","16.55","2.53M","-4.97%"
"03/19/2023","17.50","16.98","18.07","16.98","2.00M","3.06%"
"03/18/2023","16.98","17.64","18.17","16.88","3.07M","-3.79%"
"03/17/2023","17.65","15.84","17.76","15.64","2.70M","11.43%"
"03/16/2023","15.84","15.55","16.05","15.26","2.16M","1.87%"
"03/15/2023","15.55","17.15","17.42","15.35","3.45M","-9.33%"
"03/14/2023","17.15","16.46","17.87","16.09","4.91M","4.19%"
"03/13/2023","16.46","16.15","16.75","15.47","3.72M","1.92%"
"03/12/2023","16.15","14.51","16.25","14.21","3.00M","11.30%"
"03/11/2023","14.51","14.80","15.16","13.93","2.68M","-1.96%"
"03/10/2023","14.80","14.43","15.10","13.93","3.24M","2.57%"
"03/09/2023","14.43","15.12","15.68","14.21","2.54M","-4.57%"
"03/08/2023","15.12","16.17","16.26","15.02","1.66M","-6.49%"
"03/07/2023","16.17","16.51","16.71","15.87","1.48M","-2.06%"
"03/06/2023","16.51","16.14","16.63","15.83","1.39M","2.29%"
"03/05/2023","16.14","16.14","16.52","16.07","773.31K","0.00%"
"03/04/2023","16.14","16.67","16.89","15.76","1.13M","-3.12%"
"03/03/2023","16.66","17.46","17.48","15.88","2.07M","-4.58%"
"03/02/2023","17.46","17.78","17.85","17.13","915.67K","-1.80%"
"03/01/2023","17.78","17.09","17.80","16.98","1.15M","4.04%"
"02/28/2023","17.09","17.93","17.94","16.94","1.56M","-4.69%"
"02/27/2023","17.93","18.44","18.63","17.75","1.45M","-2.77%"
"02/26/2023","18.44","17.95","18.57","17.83","1.04M","2.73%"
"02/25/2023","17.95","18.38","18.61","17.50","2.25M","-2.34%"
"02/24/2023","18.38","19.71","19.82","18.05","2.59M","-6.70%"
"02/23/2023","19.70","20.32","20.71","19.52","2.34M","-3.05%"
"02/22/2023","20.32","20.97","21.53","19.59","5.15M","-3.10%"
"02/21/2023","20.97","20.82","21.63","19.98","4.15M","0.67%"
"02/20/2023","20.83","19.83","21.33","19.10","4.00M","5.04%"
"02/19/2023","19.83","19.54","20.37","19.37","2.31M","1.43%"
"02/18/2023","19.55","19.45","20.10","19.33","2.40M","0.41%"
"02/17/2023","19.47","18.59","19.64","18.51","1.85M","4.56%"
"02/16/2023","18.62","19.94","20.34","18.56","3.14M","-6.62%"
"02/15/2023","19.94","18.14","19.94","17.92","2.18M","9.92%"
"02/14/2023","18.14","17.62","18.27","17.34","2.11M","2.95%"
"02/13/2023","17.62","17.78","17.86","16.86","1.86M","-0.90%"
"02/12/2023","17.78","18.01","18.48","17.54","2.68M","-1.28%"
"02/11/2023","18.01","17.79","18.09","17.68","943.88K","1.24%"
"02/10/2023","17.79","17.91","18.23","17.54","1.68M","-0.67%"
"02/09/2023","17.91","20.11","20.24","17.61","3.16M","-10.85%"
"02/08/2023","20.09","20.85","21.01","19.67","1.77M","-3.64%"
"02/07/2023","20.85","19.54","20.97","19.53","2.56M","6.70%"
"02/06/2023","19.54","20.08","20.42","19.51","1.87M","-2.69%"
"02/05/2023","20.08","21.05","21.13","19.72","3.01M","-4.61%"
"02/04/2023","21.05","21.35","21.67","20.92","2.19M","-1.41%"
"02/03/2023","21.35","21.17","21.87","20.82","3.33M","0.85%"
"02/02/2023","21.17","20.95","22.76","20.95","6.38M","1.05%"
"02/01/2023","20.95","19.81","20.99","18.74","4.68M","5.75%"
"01/31/2023","19.81","19.74","20.14","19.35","2.61M","0.36%"
"01/30/2023","19.74","21.03","21.28","19.35","4.98M","-6.13%"
"01/29/2023","21.03","20.58","21.16","20.16","2.64M","2.19%"
"01/28/2023","20.58","21.20","21.72","20.10","4.52M","-2.92%"
"01/27/2023","21.20","18.10","21.61","17.57","4.97M","17.13%"
"01/26/2023","18.10","17.80","18.77","17.79","3.48M","1.80%"
"01/25/2023","17.78","17.01","18.23","16.56","2.68M","4.53%"
"01/24/2023","17.01","17.98","18.95","16.87","3.52M","-5.39%"
"01/23/2023","17.98","17.34","18.30","17.33","3.30M","3.69%"
"01/22/2023","17.34","16.87","18.41","16.84","4.23M","2.78%"
"01/21/2023","16.87","17.51","17.75","16.86","3.83M","-3.65%"
"01/20/2023","17.51","16.19","17.55","15.86","3.10M","8.15%"
"01/19/2023","16.19","15.84","16.28","15.71","2.02M","2.21%"
"01/18/2023","15.84","17.13","17.41","15.73","4.19M","-7.53%"
"01/17/2023","17.13","16.74","18.18","16.59","4.40M","2.33%"
"01/16/2023","16.74","16.80","17.29","16.15","3.97M","-0.36%"
"01/15/2023","16.80","16.95","17.07","16.02","4.76M","-0.89%"
"01/14/2023","16.95","15.96","18.43","15.90","10.43M","6.20%"
"01/13/2023","15.96","15.44","16.58","14.99","5.36M","3.37%"
"01/12/2023","15.44","15.86","16.40","14.78","8.41M","-2.71%"
"01/11/2023","15.87","12.72","15.96","12.29","9.50M","24.76%"
"01/10/2023","12.72","12.19","12.94","12.03","1.94M","4.26%"
"01/09/2023","12.20","12.08","12.64","12.08","2.69M","1.00%"
"01/08/2023","12.08","11.73","12.15","11.59","1.03M","2.97%"
"01/07/2023","11.73","11.78","11.86","11.65","552.99K","-0.42%"
"01/06/2023","11.78","11.74","11.82","11.36","1.27M","0.34%"
"01/05/2023","11.74","12.08","12.16","11.69","1.27M","-2.81%"
"01/04/2023","12.08","11.38","12.29","11.36","2.09M","6.14%"
"01/03/2023","11.38","11.16","11.55","11.07","1.31M","1.98%"
"01/02/2023","11.16","10.87","11.25","10.72","1.18M","2.66%"
"01/01/2023","10.87","10.90","10.94","10.65","996.93K","-0.27%"
"12/31/2022","10.90","10.87","11.05","10.84","566.02K","0.27%"
"12/30/2022","10.87","10.98","10.98","10.63","1.20M","-1.01%"
"12/29/2022","10.98","11.21","11.22","10.63","1.29M","-2.05%"
"12/28/2022","11.21","11.64","11.66","11.11","1.25M","-3.76%"
"12/27/2022","11.65","11.72","11.79","11.55","1.08M","-0.60%"
"12/26/2022","11.72","11.68","11.78","11.57","713.54K","0.34%"
"12/25/2022","11.68","11.67","11.73","11.52","776.64K","0.08%"
"12/24/2022","11.67","11.78","11.83","11.65","376.57K","-0.93%"
"12/23/2022","11.78","11.85","11.88","11.73","591.30K","-0.58%"
"12/22/2022","11.85","11.70","11.85","11.47","783.24K","1.32%"
"12/21/2022","11.70","11.95","11.98","11.63","822.99K","-2.13%"
"12/20/2022","11.95","11.40","12.03","11.35","1.44M","4.84%"
"12/19/2022","11.40","11.91","12.09","11.24","1.30M","-4.30%"
"12/18/2022","11.91","11.96","12.02","11.80","710.65K","-0.41%"
"12/17/2022","11.96","11.84","11.98","11.53","902.62K","1.01%"
"12/16/2022","11.84","13.17","13.29","11.60","1.78M","-10.16%"
"12/15/2022","13.18","13.71","13.88","13.10","1.26M","-3.87%"
"12/14/2022","13.71","13.76","14.17","13.58","1.69M","-0.35%"
"12/13/2022","13.76","13.00","14.13","12.57","3.11M","5.84%"
"12/12/2022","13.00","12.98","13.05","12.54","1.09M","0.15%"
"12/11/2022","12.98","13.50","13.50","12.94","620.86K","-3.85%"
"12/10/2022","13.50","13.46","13.58","13.34","512.60K","0.30%"
"12/09/2022","13.46","13.42","13.61","13.36","739.09K","0.37%"
"12/08/2022","13.41","13.28","13.51","13.06","904.14K","0.98%"
"12/07/2022","13.28","13.68","13.69","13.00","1.11M","-2.92%"
"12/06/2022","13.68","13.60","13.68","13.47","808.75K","0.59%"
"12/05/2022","13.60","13.93","14.32","13.47","1.46M","-2.37%"
"12/04/2022","13.93","13.40","13.94","13.40","1.11M","3.95%"
"12/03/2022","13.40","13.59","13.87","13.32","1.68M","-1.40%"
"12/02/2022","13.59","12.90","13.64","12.80","1.79M","5.43%"
"12/01/2022","12.89","13.20","13.31","12.81","1.33M","-1.38%"
"11/30/2022","13.07","12.47","13.16","12.47","1.74M","4.81%"
"11/29/2022","12.47","12.45","12.72","12.30","1.74M","0.16%"
"11/28/2022","12.45","12.86","12.99","11.99","1.85M","-3.19%"
"11/27/2022","12.86","12.75","13.25","12.70","906.76K","0.87%"
"11/26/2022","12.75","12.81","13.22","12.63","911.72K","-0.47%"
"11/25/2022","12.81","12.96","13.04","12.53","925.71K","-1.15%"
"11/24/2022","12.96","13.07","13.40","12.77","1.41M","-0.84%"
"11/23/2022","13.07","12.36","13.07","12.36","1.90M","5.75%"
"11/22/2022","12.36","11.83","12.37","11.49","2.10M","4.47%"
"11/21/2022","11.83","12.20","12.20","11.60","1.83M","-3.03%"
"11/20/2022","12.20","12.89","13.14","12.09","1.16M","-5.35%"
"11/19/2022","12.89","12.79","12.97","12.76","720.62K","-0.62%"
"11/18/2022","12.97","13.03","13.25","12.90","1.37M","-0.16%"
"11/17/2022","12.99","13.00","13.31","12.65","1.69M","-0.07%"
"11/16/2022","13.00","13.51","13.72","12.86","1.28M","-3.77%"
"11/15/2022","13.51","13.13","14.00","13.02","1.66M","2.90%"
"11/14/2022","13.13","13.02","13.60","12.07","2.95M","0.76%"
"11/13/2022","13.03","13.09","13.36","12.70","1.82M","-0.46%"
"11/12/2022","13.09","14.12","14.13","12.93","1.62M","-7.30%"
"11/11/2022","14.12","15.42","15.45","13.60","3.65M","-8.43%"
"11/10/2022","15.42","12.90","15.92","12.70","4.66M","19.53%"
"11/09/2022","12.90","16.01","16.15","12.10","6.77M","-19.43%"
"11/08/2022","16.01","18.07","18.15","14.87","7.63M","-11.40%"
"11/07/2022","18.07","18.25","18.86","17.76","2.02M","-0.98%"
"11/06/2022","18.25","19.60","19.72","18.24","1.31M","-6.89%"
"11/05/2022","19.60","19.38","20.54","19.18","2.60M","1.14%"
"11/04/2022","19.38","18.03","19.67","17.89","2.32M","7.49%"
"11/03/2022","18.03","17.91","18.86","17.81","1.48M","0.66%"
"11/02/2022","17.91","18.62","18.76","17.45","2.72M","-3.81%"
"11/01/2022","18.62","19.29","19.48","18.57","1.78M","-3.47%"
"10/31/2022","19.29","18.26","19.76","18.20","3.35M","5.64%"
"10/30/2022","18.26","18.29","18.81","17.93","1.73M","-0.17%"
"10/29/2022","18.29","18.33","18.89","18.16","2.14M","-0.22%"
"10/28/2022","18.33","16.90","18.40","16.75","2.86M","8.46%"
"10/27/2022","16.90","17.01","17.50","16.84","2.24M","-0.65%"
"10/26/2022","17.01","16.64","17.32","16.64","2.11M","2.22%"
"10/25/2022","16.64","15.76","17.04","15.60","2.20M","5.59%"
"10/24/2022","15.76","16.30","16.47","15.64","1.11M","-3.31%"
"10/23/2022","16.30","15.68","16.35","15.61","1.51M","3.96%"
"10/22/2022","15.68","15.68","15.89","15.53","741.22K","0.00%"
"10/21/2022","15.68","15.16","15.74","14.62","2.00M","3.44%"
"10/20/2022","15.16","15.06","15.46","14.90","1.71M","0.66%"
"10/19/2022","15.06","15.88","15.91","15.06","1.89M","-5.16%"
"10/18/2022","15.88","16.17","16.35","15.57","1.59M","-1.80%"
"10/17/2022","16.17","15.75","16.27","15.65","1.30M","2.67%"
"10/16/2022","15.75","15.43","15.87","15.41","905.85K","2.08%"
"10/15/2022","15.43","15.68","15.76","15.37","627.94K","-1.60%"
"10/14/2022","15.68","15.66","16.39","15.55","1.58M","0.12%"
"10/13/2022","15.66","15.95","15.99","14.51","3.48M","-1.87%"
"10/12/2022","15.96","15.96","16.15","15.86","738.28K","0.00%"
"10/11/2022","15.96","16.20","16.30","15.61","1.63M","-1.48%"
"10/10/2022","16.20","16.89","17.22","16.20","1.23M","-4.09%"
"10/09/2022","16.89","16.78","16.99","16.70","437.27K","0.66%"
"10/08/2022","16.78","16.90","16.99","16.66","370.76K","-0.71%"
"10/07/2022","16.90","17.04","17.16","16.72","1.13M","-0.82%"
"10/06/2022","17.04","17.39","17.67","17.00","1.30M","-2.01%"
"10/05/2022","17.39","17.44","17.46","16.96","1.45M","-0.29%"
"10/04/2022","17.44","17.14","17.54","17.07","1.26M","1.74%"
"10/03/2022","17.14","16.53","17.29","16.36","1.70M","3.70%"
"10/02/2022","16.53","16.95","17.14","16.48","1.26M","-2.49%"
"10/01/2022","16.95","17.21","17.30","16.90","738.13K","-1.50%"
"09/30/2022","17.21","17.35","17.72","17.02","2.30M","-0.81%"
"09/29/2022","17.35","17.26","17.38","16.89","1.43M","0.52%"
"09/28/2022","17.26","17.30","17.44","16.76","2.19M","-0.23%"
"09/27/2022","17.30","17.57","18.48","17.06","3.22M","-1.53%"
"09/26/2022","17.57","17.32","17.58","16.98","1.40M","1.44%"
"09/25/2022","17.32","17.60","17.87","17.15","914.48K","-1.59%"
"09/24/2022","17.60","17.97","18.19","17.57","1.19M","-2.06%"
"09/23/2022","17.97","17.68","18.23","17.17","2.08M","1.64%"
"09/22/2022","17.68","16.55","17.86","16.42","2.18M","6.83%"
"09/21/2022","16.55","16.66","17.86","16.23","3.34M","-0.66%"
"09/20/2022","16.66","17.28","17.38","16.58","1.96M","-3.59%"
"09/19/2022","17.28","16.71","17.36","16.39","2.56M","3.41%"
"09/18/2022","16.71","18.48","18.75","16.38","3.86M","-9.53%"
"09/17/2022","18.47","18.05","18.58","18.04","1.38M","2.33%"
"09/16/2022","18.05","18.21","18.31","17.60","2.27M","-0.82%"
"09/15/2022","18.20","19.12","19.36","18.09","2.64M","-4.82%"
"09/14/2022","19.12","18.88","19.31","18.47","2.60M","1.27%"
"09/13/2022","18.88","21.38","21.74","18.78","4.71M","-11.69%"
"09/12/2022","21.38","20.68","21.90","20.07","4.87M","3.58%"
"09/11/2022","20.64","20.45","20.95","19.96","1.80M","0.93%"
"09/10/2022","20.45","20.38","21.09","20.04","2.42M","0.34%"
"09/09/2022","20.38","19.13","20.73","19.11","2.77M","6.54%"
"09/08/2022","19.13","18.99","19.16","18.43","1.94M","0.73%"
"09/07/2022","18.99","18.20","19.29","17.86","1.96M","4.35%"
"09/06/2022","18.20","19.42","20.47","18.19","3.58M","-6.28%"
"09/05/2022","19.42","19.01","19.46","18.45","1.42M","2.16%"
"09/04/2022","19.01","18.89","19.12","18.74","1.20M","0.64%"
"09/03/2022","18.89","18.87","19.00","18.60","911.85K","0.10%"
"09/02/2022","18.87","19.32","19.65","18.70","2.11M","-2.32%"
"09/01/2022","19.32","19.14","19.46","18.35","2.12M","0.94%"
"08/31/2022","19.14","19.37","20.03","19.00","3.02M","-1.18%"
"08/30/2022","19.37","19.32","20.61","18.93","4.97M","0.20%"
"08/29/2022","19.33","18.44","19.47","17.50","5.46M","4.83%"
"08/28/2022","18.44","20.03","20.43","18.14","2.63M","-7.94%"
"08/27/2022","20.03","20.66","20.89","19.84","2.48M","-3.05%"
"08/26/2022","20.66","23.00","23.21","20.40","4.15M","-10.17%"
"08/25/2022","23.00","23.01","23.63","22.70","1.71M","-0.04%"
"08/24/2022","23.01","23.52","23.62","22.82","1.95M","-2.17%"
"08/23/2022","23.52","22.57","23.67","21.83","2.95M","4.20%"
"08/22/2022","22.57","22.95","22.99","21.64","2.24M","-1.65%"
"08/21/2022","22.95","22.29","23.43","22.17","2.44M","2.96%"
"08/20/2022","22.29","22.45","23.07","21.63","2.66M","-0.71%"
"08/19/2022","22.45","24.19","24.38","21.40","4.50M","-7.20%"
"08/18/2022","24.19","25.55","26.28","24.15","1.97M","-5.32%"
"08/17/2022","25.55","27.11","28.21","25.27","2.87M","-5.82%"
"08/16/2022","27.13","27.87","28.38","26.99","2.02M","-2.73%"
"08/15/2022","27.89","28.18","29.29","27.10","2.39M","-1.06%"
"08/14/2022","28.19","29.15","29.83","27.88","2.32M","-3.29%"
"08/13/2022","29.15","29.34","30.29","28.89","2.45M","-0.61%"
"08/12/2022","29.33","28.53","29.42","28.12","2.11M","2.80%"
"08/11/2022","28.53","29.18","29.99","28.45","3.68M","-2.23%"
"08/10/2022","29.18","27.42","30.08","26.64","5.05M","6.42%"
"08/09/2022","27.42","27.95","28.77","27.05","3.92M","-1.90%"
"08/08/2022","27.95","27.92","30.76","27.59","5.52M","0.11%"
"08/07/2022","27.92","26.65","28.40","25.84","3.84M","4.76%"
"08/06/2022","26.65","24.95","26.88","24.71","3.71M","6.77%"
"08/05/2022","24.96","23.36","24.96","23.14","3.08M","6.85%"
"08/04/2022","23.36","23.04","23.98","22.92","2.11M","1.26%"
"08/03/2022","23.07","22.84","24.16","22.30","2.61M","1.01%"
"08/02/2022","22.84","23.57","23.92","22.25","3.00M","-3.35%"
"08/01/2022","23.63","23.74","24.31","23.00","2.79M","-0.46%"
"07/31/2022","23.74","24.23","25.17","23.59","2.41M","-2.02%"
"07/30/2022","24.23","24.48","25.79","23.98","4.03M","-1.02%"
"07/29/2022","24.48","24.22","25.35","23.52","5.03M","1.07%"
"07/28/2022","24.22","23.41","24.67","22.45","5.94M","3.46%"
"07/27/2022","23.41","20.72","23.45","20.21","4.53M","12.99%"
"07/26/2022","20.72","20.92","20.96","19.57","2.72M","-1.06%"
"07/25/2022","20.94","23.82","23.82","20.92","4.02M","-12.09%"
"07/24/2022","23.82","23.61","24.46","23.26","2.26M","0.88%"
"07/23/2022","23.61","23.65","24.64","22.84","2.48M","-0.16%"
"07/22/2022","23.65","25.01","25.54","23.60","3.93M","-5.45%"
"07/21/2022","25.01","23.59","25.42","22.70","4.80M","6.03%"
"07/20/2022","23.59","24.71","26.32","23.46","6.83M","-4.54%"
"07/19/2022","24.71","24.10","26.28","23.07","7.37M","2.49%"
"07/18/2022","24.11","20.63","24.24","20.61","6.54M","16.99%"
"07/17/2022","20.61","21.24","22.08","20.58","3.19M","-2.96%"
"07/16/2022","21.24","19.36","21.39","18.74","4.15M","9.71%"
"07/15/2022","19.36","19.76","20.19","19.11","3.71M","-2.02%"
"07/14/2022","19.76","18.82","19.93","17.80","5.06M","4.98%"
"07/13/2022","18.82","16.75","18.90","16.44","5.49M","12.43%"
"07/12/2022","16.74","17.37","18.05","16.72","3.06M","-3.63%"
"07/11/2022","17.37","19.13","19.17","17.33","2.49M","-9.21%"
"07/10/2022","19.13","19.89","19.99","18.79","2.07M","-3.82%"
"07/09/2022","19.89","19.75","20.25","19.57","2.00M","0.71%"
"07/08/2022","19.75","20.21","20.99","19.45","4.63M","-2.28%"
"07/07/2022","20.21","19.17","20.57","18.87","4.21M","5.43%"
"07/06/2022","19.17","18.07","19.42","17.82","4.77M","6.08%"
"07/05/2022","18.07","17.92","18.62","16.70","5.14M","0.85%"
"07/04/2022","17.92","16.65","18.02","16.32","4.21M","7.49%"
"07/03/2022","16.67","16.33","16.85","15.85","2.43M","2.09%"
"07/02/2022","16.33","16.12","16.61","15.98","2.11M","1.31%"
"07/01/2022","16.12","16.97","17.64","15.81","5.29M","-5.01%"
"06/30/2022","16.97","17.76","17.79","15.82","4.18M","-4.46%"
"06/29/2022","17.76","18.10","18.65","17.22","4.20M","-1.88%"
"06/28/2022","18.10","19.28","20.53","18.01","5.13M","-6.12%"
"06/27/2022","19.28","19.72","21.34","19.20","4.09M","-2.23%"
"06/26/2022","19.72","21.36","21.88","19.65","3.68M","-7.73%"
"06/25/2022","21.37","20.47","21.60","19.88","3.97M","4.40%"
"06/24/2022","20.47","18.29","20.92","18.02","5.97M","11.93%"
"06/23/2022","18.29","16.07","18.38","16.06","5.03M","13.82%"
"06/22/2022","16.07","16.92","17.37","15.98","4.43M","-5.02%"
"06/21/2022","16.92","17.09","18.45","16.63","4.84M","-1.00%"
"06/20/2022","17.09","16.16","17.84","15.36","5.89M","5.76%"
"06/19/2022","16.16","14.83","16.35","13.75","5.54M","9.03%"
"06/18/2022","14.82","15.99","16.30","13.83","6.61M","-7.25%"
"06/17/2022","15.98","15.78","16.64","15.51","3.71M","1.27%"
"06/16/2022","15.78","18.31","18.69","15.54","7.06M","-13.96%"
"06/15/2022","18.34","16.57","18.47","14.55","11.48M","10.67%"
"06/14/2022","16.57","16.13","17.27","14.72","10.51M","2.75%"
"06/13/2022","16.13","17.36","17.36","14.65","15.82M","-9.69%"
"06/12/2022","17.86","19.86","20.14","17.56","8.44M","-10.08%"
"06/11/2022","19.86","22.07","22.98","19.72","4.75M","-10.01%"
"06/10/2022","22.07","24.40","24.86","22.01","4.07M","-9.55%"
"06/09/2022","24.40","24.51","25.32","23.73","3.22M","-0.45%"
"06/08/2022","24.51","24.60","25.40","23.76","3.61M","-0.36%"
"06/07/2022","24.60","26.00","26.15","23.15","7.41M","-5.39%"
"06/06/2022","26.00","24.20","27.74","24.06","5.80M","7.44%"
"06/05/2022","24.20","24.57","25.16","23.95","2.74M","-1.51%"
"06/04/2022","24.57","23.00","24.65","22.17","2.57M","6.82%"
"06/03/2022","23.00","24.63","24.67","22.56","3.31M","-6.62%"
"06/02/2022","24.63","23.68","24.86","22.72","4.73M","4.02%"
"06/01/2022","23.68","26.42","27.01","23.26","5.58M","-10.37%"
"05/31/2022","26.42","27.69","29.07","25.59","6.73M","-4.59%"
"05/30/2022","27.69","26.17","28.39","25.34","6.82M","5.81%"
"05/29/2022","26.17","24.74","26.98","23.80","5.51M","5.78%"
"05/28/2022","24.74","22.48","25.62","22.18","5.52M","10.06%"
"05/27/2022","22.48","23.45","23.86","21.39","8.22M","-4.02%"
"05/26/2022","23.42","27.24","27.98","23.00","7.88M","-14.02%"
"05/25/2022","27.24","29.07","29.63","27.16","3.65M","-6.30%"
"05/24/2022","29.07","29.02","29.66","27.05","4.43M","0.17%"
"05/23/2022","29.02","31.69","32.96","28.59","4.85M","-8.51%"
"05/22/2022","31.72","29.88","32.53","29.02","4.08M","6.15%"
"05/21/2022","29.88","28.81","30.60","28.29","2.38M","3.71%"
"05/20/2022","28.81","30.36","31.84","27.85","5.19M","-5.11%"
"05/19/2022","30.36","29.54","31.86","27.59","5.05M","2.78%"
"05/18/2022","29.54","34.41","35.13","29.42","3.58M","-14.15%"
"05/17/2022","34.41","32.56","35.74","32.25","3.50M","5.87%"
"05/16/2022","32.50","36.57","36.57","31.56","4.96M","-11.11%"
"05/15/2022","36.56","33.92","36.95","31.92","3.80M","7.77%"
"05/14/2022","33.92","32.19","34.30","29.33","4.24M","5.38%"
"05/13/2022","32.19","30.29","37.73","29.57","7.75M","6.28%"
"05/12/2022","30.29","31.05","33.81","23.59","12.45M","-2.44%"
"05/11/2022","31.05","44.45","46.19","26.96","14.11M","-30.14%"
"05/10/2022","44.44","41.29","50.28","40.01","7.31M","7.63%"
"05/09/2022","41.29","51.61","53.04","41.29","6.08M","-20.00%"
"05/08/2022","51.61","55.07","55.38","50.69","3.29M","-6.28%"
"05/07/2022","55.07","56.98","57.49","53.37","1.97M","-3.36%"
"05/06/2022","56.98","58.99","59.34","55.21","2.96M","-3.41%"
"05/05/2022","58.99","67.24","69.41","57.70","4.66M","-12.27%"
"05/04/2022","67.24","59.62","67.41","59.32","2.55M","12.78%"
"05/03/2022","59.62","60.35","62.40","58.17","1.79M","-1.23%"
"05/02/2022","60.36","58.79","62.40","56.83","3.01M","2.67%"
"05/01/2022","58.79","56.97","61.05","56.37","2.48M","3.19%"
"04/30/2022","56.98","63.37","64.65","55.19","2.52M","-10.09%"
"04/29/2022","63.37","67.29","67.97","62.22","1.52M","-5.83%"
"04/28/2022","67.29","69.87","70.73","66.67","1.62M","-3.69%"
"04/27/2022","69.87","68.70","71.94","68.37","1.25M","1.70%"
"04/26/2022","68.70","72.85","73.14","67.64","1.68M","-5.69%"
"04/25/2022","72.85","71.53","72.94","67.45","2.17M","1.84%"
"04/24/2022","71.53","72.82","73.46","71.08","719.50K","-1.72%"
"04/23/2022","72.78","74.03","74.40","72.44","913.76K","-1.69%"
"04/22/2022","74.03","75.02","77.21","73.40","1.34M","-1.32%"
"04/21/2022","75.02","78.21","80.15","74.23","1.46M","-4.08%"
"04/20/2022","78.21","80.25","81.29","77.50","1.59M","-2.54%"
"04/19/2022","80.25","77.73","81.01","76.83","1.55M","3.24%"
"04/18/2022","77.73","75.41","77.94","71.94","1.92M","2.89%"
"04/17/2022","75.54","77.76","78.66","75.14","821.19K","-2.85%"
"04/16/2022","77.76","77.43","78.20","76.54","658.13K","0.41%"
"04/15/2022","77.44","76.80","78.50","74.87","1.38M","0.83%"
"04/14/2022","76.80","80.14","81.84","76.28","1.85M","-4.16%"
"04/13/2022","80.14","76.26","80.62","75.85","1.78M","5.08%"
"04/12/2022","76.26","74.35","79.46","73.91","2.29M","2.57%"
"04/11/2022","74.35","81.03","81.53","72.74","3.21M","-8.24%"
"04/10/2022","81.03","84.55","85.65","80.86","1.19M","-4.16%"
"04/09/2022","84.55","83.65","85.49","82.27","1.46M","1.05%"
"04/08/2022","83.67","87.77","90.45","82.73","3.39M","-4.67%"
"04/07/2022","87.77","82.94","88.61","81.47","3.62M","5.75%"
"04/06/2022","83.00","91.06","91.06","82.69","3.75M","-8.84%"
"04/05/2022","91.04","96.10","97.63","90.65","2.58M","-5.26%"
"04/04/2022","96.10","98.03","98.03","90.99","2.75M","-2.01%"
"04/03/2022","98.07","96.18","100.06","94.57","2.91M","1.97%"
"04/02/2022","96.18","96.76","103.58","95.80","3.55M","-0.60%"
"04/01/2022","96.76","97.37","99.76","90.49","3.58M","-0.64%"
"03/31/2022","97.38","95.46","101.82","93.95","4.74M","2.01%"
"03/30/2022","95.46","92.74","100.42","89.61","3.80M","2.93%"
"03/29/2022","92.74","89.56","96.40","89.44","3.14M","3.55%"
"03/28/2022","89.56","89.97","96.19","88.62","4.12M","-0.47%"
"03/27/2022","89.98","85.95","89.98","84.42","1.73M","4.68%"
"03/26/2022","85.96","83.60","86.73","82.47","1.42M","2.82%"
"03/25/2022","83.60","87.59","87.75","82.61","2.67M","-4.55%"
"03/24/2022","87.59","86.02","88.21","83.64","3.10M","1.82%"
"03/23/2022","86.02","83.95","87.02","82.28","2.78M","2.46%"
"03/22/2022","83.95","86.23","89.84","83.80","3.46M","-2.64%"
"03/21/2022","86.23","84.77","92.38","83.18","4.44M","1.73%"
"03/20/2022","84.76","89.56","89.95","84.41","2.98M","-5.36%"
"03/19/2022","89.56","85.67","92.27","85.64","3.49M","4.60%"
"03/18/2022","85.62","79.37","86.86","76.51","293.56M","7.87%"
"03/17/2022","79.37","74.10","81.70","73.17","283.11M","7.11%"
"03/16/2022","74.10","69.83","74.70","68.10","189.26M","6.11%"
"03/15/2022","69.83","68.99","72.12","66.12","157.32M","1.22%"
"03/14/2022","68.99","67.93","71.47","65.57","199.08M","1.56%"
"03/13/2022","67.93","70.92","71.96","67.29","85.22M","-4.27%"
"03/12/2022","70.96","71.17","73.55","70.91","84.96M","-0.30%"
"03/11/2022","71.17","73.93","76.85","70.86","235.61M","-3.73%"
"03/10/2022","73.93","77.57","78.97","71.63","186.88M","-4.69%"
"03/09/2022","77.57","73.05","80.39","72.36","258.24M","6.19%"
"03/08/2022","73.05","71.68","76.50","71.34","222.52M","1.78%"
"03/07/2022","71.77","72.48","76.48","70.45","179.08M","-0.98%"
"03/06/2022","72.48","76.65","77.03","72.13","144.86M","-5.44%"
"03/05/2022","76.65","75.79","78.64","73.42","152.03M","1.20%"
"03/04/2022","75.74","78.50","82.11","75.01","302.60M","-3.69%"
"03/03/2022","78.64","83.34","84.27","77.20","3.10M","-5.65%"
"03/02/2022","83.34","86.84","89.87","82.52","3.25M","-4.03%"
"03/01/2022","86.84","84.65","90.75","83.75","4.82M","2.58%"
"02/28/2022","84.66","75.06","85.82","71.86","4.23M","12.79%"
"02/27/2022","75.06","81.71","82.31","73.15","3.52M","-8.13%"
"02/26/2022","81.70","81.00","84.86","78.21","3.00M","0.87%"
"02/25/2022","81.00","76.49","81.89","72.74","4.11M","5.89%"
"02/24/2022","76.49","73.43","79.87","64.51","8.25M","4.17%"
"02/23/2022","73.43","74.46","82.35","73.31","3.76M","-1.38%"
"02/22/2022","74.46","70.00","74.88","67.34","3.20M","6.37%"
"02/21/2022","70.00","77.35","82.62","69.56","3.83M","-9.50%"
"02/20/2022","77.35","85.05","85.68","76.58","1.99M","-9.06%"
"02/19/2022","85.05","83.69","86.31","81.05","1.70M","1.64%"
"02/18/2022","83.68","88.30","89.92","82.56","2.55M","-5.24%"
"02/17/2022","88.30","95.08","98.59","86.40","3.43M","-7.12%"
"02/16/2022","95.08","92.97","97.19","91.61","3.12M","2.27%"
"02/15/2022","92.97","81.97","93.62","81.45","2.50M","13.42%"
"02/14/2022","81.97","77.89","82.56","76.22","1.65M","5.24%"
"02/13/2022","77.89","81.29","83.27","77.59","1.30M","-3.99%"
"02/12/2022","81.12","81.77","84.73","78.86","2.37M","-0.78%"
"02/11/2022","81.77","91.20","92.56","80.01","2.66M","-10.35%"
"02/10/2022","91.20","90.07","95.00","85.19","3.07M","1.26%"
"02/09/2022","90.07","86.22","91.95","84.63","2.01M","4.47%"
"02/08/2022","86.22","83.18","92.50","81.74","5.95M","3.65%"
"02/07/2022","83.18","78.97","85.32","77.46","2.11M","5.33%"
"02/06/2022","78.97","77.01","79.06","74.26","1.23M","2.37%"
"02/05/2022","77.14","77.77","80.84","75.00","1.92M","-0.80%"
"02/04/2022","77.77","68.41","77.78","67.48","2.61M","13.96%"
"02/03/2022","68.24","67.79","69.16","65.01","2.00M","0.67%"
"02/02/2022","67.79","73.30","74.84","67.50","2.52M","-7.52%"
"02/01/2022","73.30","69.87","73.84","68.58","2.18M","4.92%"
"01/31/2022","69.87","68.00","70.60","64.29","1.96M","2.74%"
"01/30/2022","68.00","71.80","72.33","66.92","1.44M","-5.29%"
"01/29/2022","71.80","67.01","73.47","66.88","1.82M","7.07%"
"01/28/2022","67.06","64.59","67.37","61.79","1.96M","3.84%"
"01/27/2022","64.59","65.75","67.87","61.25","2.79M","-1.78%"
"01/26/2022","65.76","67.96","73.38","64.39","3.81M","-3.25%"
"01/25/2022","67.96","62.97","70.49","61.74","2.94M","7.92%"
"01/24/2022","62.98","64.82","64.82","55.20","4.08M","-2.78%"
"01/23/2022","64.78","59.85","66.86","59.15","3.17M","8.23%"
"01/22/2022","59.85","66.06","67.47","53.19","5.59M","-9.56%"
"01/21/2022","66.18","79.41","80.30","64.19","3.76M","-16.67%"
"01/20/2022","79.41","82.60","87.73","78.83","1.34M","-4.01%"
"01/19/2022","82.73","86.03","86.36","81.22","1.27M","-3.84%"
"01/18/2022","86.03","86.67","87.38","83.74","1.17M","-0.73%"
"01/17/2022","86.66","92.30","92.47","85.44","1.45M","-6.06%"
"01/16/2022","92.25","93.07","94.87","91.82","1.07M","-0.88%"
"01/15/2022","93.07","90.41","94.37","89.53","1.04M","2.97%"
"01/14/2022","90.39","89.59","91.68","87.33","1.36M","0.90%"
"01/13/2022","89.59","95.96","97.20","89.13","1.65M","-6.64%"
"01/12/2022","95.96","89.56","96.87","88.82","2.02M","7.15%"
"01/11/2022","89.56","84.43","90.90","83.25","1.62M","6.07%"
"01/10/2022","84.43","89.33","90.94","80.47","3.14M","-5.50%"
"01/09/2022","89.35","83.90","91.81","82.59","2.03M","6.50%"
"01/08/2022","83.90","86.56","89.50","79.42","2.74M","-3.05%"
"01/07/2022","86.54","95.18","95.48","85.28","2.87M","-9.09%"
"01/06/2022","95.19","97.39","97.90","91.10","1.82M","-2.25%"
"01/05/2022","97.38","103.29","106.55","90.73","2.52M","-5.72%"
"01/04/2022","103.29","108.07","109.16","102.94","1.85M","-4.42%"
"01/03/2022","108.07","113.07","114.09","106.05","1.66M","-4.42%"
"01/02/2022","113.07","114.22","117.41","112.09","1.26M","-1.02%"
"01/01/2022","114.23","109.53","114.43","108.57","1.34M","4.29%"
"12/31/2021","109.53","101.74","111.60","100.34","2.70M","7.65%"
"12/30/2021","101.74","103.04","105.36","98.43","2.11M","-1.25%"
"12/29/2021","103.04","107.05","110.52","102.54","2.21M","-3.74%"
"12/28/2021","107.04","113.73","116.56","104.60","3.11M","-5.87%"
"12/27/2021","113.71","115.03","120.83","113.42","1.93M","-1.15%"
"12/26/2021","115.03","114.99","117.86","109.43","2.07M","0.04%"
"12/25/2021","114.99","114.88","116.90","112.39","1.88M","0.24%"
"12/24/2021","114.71","121.36","124.53","113.29","2.34M","-5.48%"
"12/23/2021","121.36","116.69","124.97","116.41","2.78M","4.10%"
"12/22/2021","116.59","123.28","127.19","115.66","3.19M","-5.42%"
"12/21/2021","123.27","113.32","123.88","110.77","4.03M","8.79%"
"12/20/2021","113.30","107.62","116.09","101.03","4.88M","5.27%"
"12/19/2021","107.63","115.84","116.59","106.89","2.33M","-7.09%"
"12/18/2021","115.84","110.85","117.25","105.60","3.73M","4.45%"
"12/17/2021","110.91","98.30","115.74","98.23","6.79M","12.82%"
"12/16/2021","98.30","101.14","109.63","98.17","5.43M","-2.81%"
"12/15/2021","101.14","87.26","105.61","86.12","6.99M","15.91%"
"12/14/2021","87.26","79.11","87.39","76.47","3.26M","10.29%"
"12/13/2021","79.12","88.04","89.89","75.69","3.99M","-10.13%"
"12/12/2021","88.04","86.48","88.89","83.00","1.71M","2.10%"
"12/11/2021","86.23","80.61","86.95","78.81","2.57M","6.97%"
"12/10/2021","80.61","85.46","91.70","80.58","3.65M","-5.62%"
"12/09/2021","85.41","93.12","94.50","83.34","2.83M","-8.28%"
"12/08/2021","93.12","89.57","93.19","86.56","2.15M","3.89%"
"12/07/2021","89.63","93.28","96.55","88.10","3.18M","-3.91%"
"12/06/2021","93.28","86.34","94.84","77.07","5.69M","8.33%"
"12/05/2021","86.11","93.17","95.24","82.59","3.97M","-7.58%"
"12/04/2021","93.17","108.58","108.64","76.66","7.76M","-14.19%"
"12/03/2021","108.58","107.80","113.16","100.03","3.75M","0.61%"
"12/02/2021","107.92","119.57","119.68","107.13","2.81M","-9.74%"
"12/01/2021","119.57","120.17","127.24","117.53","3.33M","-0.49%"
"11/30/2021","120.17","120.42","124.65","114.19","4.08M","-0.21%"
"11/29/2021","120.42","110.45","120.42","109.26","2.87M","8.98%"
"11/28/2021","110.49","113.35","113.82","100.69","3.78M","-2.53%"
"11/27/2021","113.36","103.97","117.88","103.26","3.20M","9.03%"
"11/26/2021","103.97","119.11","119.81","101.60","5.15M","-12.71%"
"11/25/2021","119.10","115.11","129.92","114.32","5.29M","3.46%"
"11/24/2021","115.12","123.90","124.60","112.79","5.18M","-7.08%"
"11/23/2021","123.89","134.78","136.38","122.09","4.70M","-8.09%"
"11/22/2021","134.79","128.61","144.92","125.89","7.31M","4.47%"
"11/21/2021","129.03","125.75","146.29","123.43","8.47M","2.61%"
"11/20/2021","125.75","112.18","129.86","111.66","6.14M","12.10%"
"11/19/2021","112.18","100.62","112.21","96.04","4.58M","11.49%"
"11/18/2021","100.62","107.61","110.28","92.13","6.21M","-6.55%"
"11/17/2021","107.67","97.77","109.94","91.84","7.93M","10.09%"
"11/16/2021","97.80","93.87","101.80","83.51","6.29M","4.19%"
"11/15/2021","93.87","95.34","101.56","92.04","4.17M","-1.55%"
"11/14/2021","95.34","97.42","99.85","91.71","3.89M","-2.12%"
"11/13/2021","97.41","84.79","98.45","84.79","3.87M","14.89%"
"11/12/2021","84.79","87.81","89.84","81.32","2.56M","-3.44%"
"11/11/2021","87.81","85.19","89.52","83.78","2.35M","2.84%"
"11/10/2021","85.39","88.23","94.00","79.03","5.06M","-3.21%"
"11/09/2021","88.22","91.01","91.45","87.01","3.05M","-3.06%"
"11/08/2021","91.01","87.54","96.90","83.63","7.77M","3.96%"
"11/07/2021","87.54","78.70","88.80","78.07","5.46M","11.34%"
"11/06/2021","78.63","74.18","78.63","72.41","1.94M","5.99%"
"11/05/2021","74.18","79.01","81.01","72.21","2.66M","-6.11%"
"11/04/2021","79.01","75.54","80.90","73.96","5.28M","4.60%"
"11/03/2021","75.54","67.74","75.54","67.09","5.19M","11.63%"
"11/02/2021","67.67","64.93","68.00","64.33","1.92M","4.11%"
"11/01/2021","64.99","64.44","66.56","62.28","2.79M","0.86%"
"10/31/2021","64.44","62.24","64.44","60.15","1.74M","3.53%"
"10/30/2021","62.24","64.91","64.92","60.99","1.65M","-3.90%"
"10/29/2021","64.77","64.35","66.14","63.52","1.71M","0.66%"
"10/28/2021","64.35","61.58","64.94","61.51","2.84M","4.59%"
"10/27/2021","61.52","68.71","69.76","57.15","4.86M","-10.46%"
"10/26/2021","68.71","69.76","72.93","67.67","4.31M","-1.30%"
"10/25/2021","69.62","64.53","69.82","64.36","2.54M","7.92%"
"10/24/2021","64.51","65.35","67.57","61.97","2.49M","-1.29%"
"10/23/2021","65.35","65.53","69.10","64.58","3.29M","-0.20%"
"10/22/2021","65.48","61.42","68.71","61.39","6.20M","6.62%"
"10/21/2021","61.41","59.62","64.30","58.90","4.48M","3.01%"
"10/20/2021","59.62","56.79","61.55","56.70","3.01M","4.97%"
"10/19/2021","56.79","55.53","58.04","55.15","2.07M","2.27%"
"10/18/2021","55.53","56.03","56.46","54.16","1.72M","-0.87%"
"10/17/2021","56.02","57.54","58.51","53.42","2.40M","-2.64%"
"10/16/2021","57.54","56.39","62.04","55.73","4.34M","2.02%"
"10/15/2021","56.40","56.18","57.13","54.56","3.27M","0.38%"
"10/14/2021","56.18","54.97","58.42","54.96","3.29M","2.20%"
"10/13/2021","54.97","54.30","57.07","53.26","3.94M","1.23%"
"10/12/2021","54.30","55.30","55.30","51.17","4.58M","-1.80%"
"10/11/2021","55.30","56.54","59.22","53.87","3.74M","-2.21%"
"10/10/2021","56.55","60.65","60.90","55.59","2.73M","-6.76%"
"10/09/2021","60.65","60.33","62.02","59.74","2.15M","0.54%"
"10/08/2021","60.32","61.48","64.91","60.02","4.83M","-1.88%"
"10/07/2021","61.48","60.02","62.21","57.39","5.21M","2.42%"
"10/06/2021","60.02","64.63","65.72","58.37","5.67M","-7.13%"
"10/05/2021","64.63","65.25","66.74","62.76","4.22M","-0.95%"
"10/04/2021","65.25","68.68","68.68","63.77","5.30M","-4.99%"
"10/03/2021","68.68","69.08","71.58","67.62","4.97M","-0.83%"
"10/02/2021","69.25","67.65","73.41","65.85","7.16M","2.37%"
"10/01/2021","67.65","66.69","69.45","63.39","7.55M","1.43%"
"09/30/2021","66.69","65.40","68.87","64.44","5.56M","1.97%"
"09/29/2021","65.40","61.55","69.41","61.35","7.57M","6.35%"
"09/28/2021","61.50","66.31","69.39","61.21","5.24M","-7.25%"
"09/27/2021","66.31","66.84","72.47","65.46","6.52M","-0.80%"
"09/26/2021","66.84","68.28","71.30","61.70","7.14M","-2.11%"
"09/25/2021","68.28","72.35","72.55","67.55","5.62M","-5.62%"
"09/24/2021","72.35","76.44","78.42","66.95","13.01M","-5.35%"
"09/23/2021","76.44","74.07","79.55","72.97","12.86M","3.16%"
"09/22/2021","74.10","58.79","74.64","57.84","14.39M","26.03%"
"09/21/2021","58.79","57.33","66.13","52.76","17.90M","2.69%"
"09/20/2021","57.25","70.02","70.32","55.55","17.09M","-18.24%"
"09/19/2021","70.02","68.90","76.10","66.57","10.64M","1.63%"
"09/18/2021","68.90","70.12","75.36","67.25","11.66M","-1.35%"
"09/17/2021","69.84","67.72","70.84","60.71","12.33M","3.25%"
"09/16/2021","67.64","57.88","68.14","57.21","17.15M","16.90%"
"09/15/2021","57.86","51.51","58.14","50.36","7.54M","12.57%"
"09/14/2021","51.40","53.16","57.34","49.19","9.22M","-3.37%"
"09/13/2021","53.19","59.25","60.80","48.28","19.85M","-9.98%"
"09/12/2021","59.09","57.00","64.79","53.74","","3.36%"
"09/11/2021","57.17","49.40","58.97","48.34","","16.25%"
"09/10/2021","49.18","40.75","49.59","40.46","","20.92%"
"09/09/2021","40.67","37.01","44.55","36.33","","10.04%"
"09/08/2021","36.96","38.17","39.42","33.16","","-2.48%"
"09/07/2021","37.90","47.09","47.16","32.33","","-19.53%"
"09/06/2021","47.10","48.15","51.32","43.68","","-2.16%"
"09/05/2021","48.14","47.20","49.37","45.56","","2.10%"
"09/04/2021","47.15","45.93","49.79","44.17","","2.79%"
"09/03/2021","45.87","47.68","51.43","44.91","","-3.74%"
"09/02/2021","47.65","42.47","47.82","41.13","","11.93%"
"09/01/2021","42.57","39.54","45.60","38.58","","7.64%"
"08/31/2021","39.55","41.38","44.16","38.32","","-4.45%"
"08/30/2021","41.39","47.35","48.33","41.00","","-12.70%"
"08/29/2021","47.41","50.24","52.38","46.71","","-5.41%"
"08/28/2021","50.12","50.11","51.72","46.23","","0.16%"
"08/27/2021","50.04","41.32","50.36","40.31","","21.43%"
"08/26/2021","41.21","46.25","48.41","41.21","","-10.84%"
"08/25/2021","46.22","55.48","57.40","45.72","","-16.88%"
"08/24/2021","55.61","46.43","58.84","44.25","","19.69%"
"08/23/2021","46.46","43.67","53.18","43.67","","6.68%"
"08/22/2021","43.55","43.70","44.98","40.70","","-0.57%"
"08/21/2021","43.80","39.07","50.17","37.76","","12.19%"
"08/20/2021","39.04","30.65","39.21","30.00","","27.45%"
"08/19/2021","30.63","30.18","33.75","28.79","","2.13%"
"08/18/2021","29.99","23.41","30.77","21.53","","28.03%"
"08/17/2021","23.43","19.07","25.34","18.42","","22.64%"
"08/16/2021","19.10","18.79","21.11","18.49","","1.79%"
"08/15/2021","18.77","18.09","18.83","17.13","","3.80%"
"08/14/2021","18.08","18.04","18.41","17.19","","0.28%"
"08/13/2021","18.03","16.57","18.28","16.40","","8.75%"
"08/12/2021","16.58","16.69","17.54","15.44","","-0.67%"
"08/11/2021","16.69","16.43","17.55","16.39","","1.60%"
"08/10/2021","16.43","16.17","17.17","15.83","","1.53%"
"08/09/2021","16.18","14.84","16.72","14.45","","9.27%"
"08/08/2021","14.81","15.85","16.09","14.56","","-6.45%"
"08/07/2021","15.83","14.77","15.93","14.61","","7.44%"
"08/06/2021","14.73","13.83","15.03","13.40","","6.51%"
"08/05/2021","13.83","13.76","13.97","12.88","","1.00%"
"08/04/2021","13.69","12.56","13.77","12.42","","9.10%"
"08/03/2021","12.55","12.99","13.51","12.34","","-3.48%"
"08/02/2021","13.00","12.85","13.37","12.62","","1.13%"
"08/01/2021","12.86","13.54","14.07","12.64","","-4.80%"
"07/31/2021","13.51","12.99","13.61","12.60","","4.12%"
"07/30/2021","12.97","12.45","13.00","11.95","","4.34%"
"07/29/2021","12.43","12.33","12.63","11.98","","1.20%"
"07/28/2021","12.28","11.92","12.43","11.70","","3.08%"
"07/27/2021","11.92","11.45","12.33","11.18","","4.00%"
"07/26/2021","11.46","11.25","12.69","11.22","","1.89%"
"07/25/2021","11.25","11.01","11.25","10.77","","0.68%"
"07/24/2021","11.17","11.09","11.36","11.03","","0.71%"
"07/23/2021","11.09","10.83","11.17","10.54","","2.48%"
"07/22/2021","10.82","10.44","10.96","10.24","","3.83%"
"07/21/2021","10.43","9.64","10.73","9.48","","8.15%"
"07/20/2021","9.64","10.17","10.36","9.33","","-5.19%"
"07/19/2021","10.17","10.67","10.75","10.05","","-4.89%"
"07/18/2021","10.69","10.94","11.27","10.68","","-2.45%"
"07/17/2021","10.96","10.81","11.14","10.72","","1.39%"
"07/16/2021","10.81","11.38","11.81","10.81","","-5.11%"
"07/15/2021","11.39","11.80","12.10","11.14","","-3.36%"
"07/14/2021","11.79","11.91","12.11","11.12","","-0.97%"
"07/13/2021","11.90","12.15","12.41","11.76","","-2.31%"
"07/12/2021","12.18","12.43","12.84","11.72","","-1.88%"
"07/11/2021","12.41","12.02","12.49","11.91","","3.25%"
"07/10/2021","12.02","12.56","12.85","11.84","","-4.13%"
"07/09/2021","12.54","11.73","12.87","11.66","","3.65%"
"07/08/2021","12.10","13.06","13.10","11.84","","-7.61%"
"07/07/2021","13.10","13.36","14.19","13.05","","-3.64%"
"07/06/2021","13.59","12.06","13.98","12.06","","12.87%"
"07/05/2021","12.04","12.35","12.35","11.73","","-2.45%"
"07/04/2021","12.35","11.90","12.56","11.89","","6.57%"
"07/03/2021","11.58","11.12","11.61","10.93","","4.08%"
"07/02/2021","11.13","11.18","11.18","10.61","","-0.86%"
"07/01/2021","11.23","11.95","11.95","11.21","","-6.04%"
"06/30/2021","11.95","11.92","12.07","11.19","","1.01%"
"06/29/2021","11.83","11.35","12.21","11.35","","4.76%"
"06/28/2021","11.29","10.96","11.41","10.78","","3.34%"
"06/27/2021","10.93","10.33","10.93","10.18","","6.09%"
"06/26/2021","10.30","10.24","10.53","9.94","","0.43%"
"06/25/2021","10.26","11.51","11.59","10.26","","-10.76%"
"06/24/2021","11.49","11.46","11.73","10.95","","0.32%"
"06/23/2021","11.46","10.56","11.62","10.56","","8.75%"
"06/22/2021","10.53","11.20","11.63","9.98","","-6.14%"
"06/21/2021","11.22","13.97","13.97","11.22","","-19.28%"
"06/20/2021","13.90","13.40","13.90","12.96","","3.95%"
"06/19/2021","13.38","13.62","13.90","13.26","","-1.71%"
"06/18/2021","13.61","14.81","15.11","13.42","","-8.41%"
"06/17/2021","14.86","14.06","15.18","14.06","","5.71%"
"06/16/2021","14.06","14.71","14.73","14.06","","-4.47%"
"06/15/2021","14.71","15.13","15.27","14.71","","-2.58%"
"06/14/2021","15.10","14.77","15.16","14.62","","2.34%"
"06/13/2021","14.76","13.55","14.87","13.36","","9.40%"
"06/12/2021","13.49","13.34","13.80","12.77","","0.57%"
"06/11/2021","13.41","14.19","14.26","13.31","","-5.32%"
"06/10/2021","14.17","15.41","15.41","14.04","","-7.91%"
"06/09/2021","15.38","14.78","15.42","14.02","","3.81%"
"06/08/2021","14.82","15.54","15.65","14.27","","-4.52%"
"06/07/2021","15.52","17.38","17.69","15.52","","-10.75%"
"06/06/2021","17.39","17.19","17.89","17.19","","0.88%"
"06/05/2021","17.24","18.29","18.94","17.03","","-5.59%"
"06/04/2021","18.26","20.20","20.35","17.60","","-9.91%"
"06/03/2021","20.27","18.62","20.30","18.41","","8.45%"
"06/02/2021","18.69","17.78","19.02","17.36","","5.23%"
"06/01/2021","17.76","18.09","18.40","17.53","","-2.24%"
"05/31/2021","18.17","16.41","18.17","15.97","","9.80%"
"05/30/2021","16.55","16.19","17.29","15.33","","2.40%"
"05/29/2021","16.16","16.70","17.34","15.44","","-3.38%"
"05/28/2021","16.72","19.00","19.00","16.31","","-12.26%"
"05/27/2021","19.06","20.77","20.77","19.06","","-8.58%"
"05/26/2021","20.85","19.53","21.16","19.49","","7.07%"
"05/25/2021","19.47","19.31","19.68","17.92","","0.56%"
"05/24/2021","19.36","15.67","20.18","15.26","","24.24%"
"05/23/2021","15.59","18.80","19.14","13.06","","-17.09%"
"05/22/2021","18.80","21.78","22.10","18.78","","-13.82%"
"05/21/2021","21.82","25.14","26.52","20.34","","-12.94%"
"05/20/2021","25.06","23.52","27.73","22.86","","8.19%"
"05/19/2021","23.16","37.16","37.16","22.23","","-37.20%"
"05/18/2021","36.88","33.87","37.19","33.87","","9.53%"
"05/17/2021","33.67","36.67","36.67","32.88","","-8.00%"
"05/16/2021","36.60","34.54","38.33","33.47","","6.17%"
"05/15/2021","34.47","36.95","39.80","34.47","","-6.65%"
"05/14/2021","36.93","35.07","36.93","34.08","","5.50%"
"05/13/2021","35.00","32.76","36.45","32.21","","8.82%"
"05/12/2021","32.16","36.80","41.29","32.16","","-12.54%"
"05/11/2021","36.77","34.53","36.77","33.13","","5.85%"
"05/10/2021","34.74","39.00","41.11","33.64","","-10.71%"
"05/09/2021","38.91","38.40","38.91","36.06","","1.60%"
"05/08/2021","38.30","37.92","39.08","37.73","","1.06%"
"05/07/2021","37.89","37.98","42.01","37.24","","-0.22%"
"05/06/2021","37.98","35.29","38.22","35.29","","7.71%"
"05/05/2021","35.26","30.90","35.26","30.90","","10.47%"
"05/04/2021","31.92","36.06","36.06","31.30","","-11.05%"
"05/03/2021","35.88","31.25","36.00","31.25","","14.73%"
"05/02/2021","31.28","31.92","32.49","30.95","","-1.67%"
"05/01/2021","31.81","32.68","35.19","31.81","","-3.31%"
"04/30/2021","32.90","27.94","32.90","27.92","","17.80%"
"04/29/2021","27.93","28.23","28.57","27.17","","-1.29%"
"04/28/2021","28.29","27.91","28.56","26.44","","1.42%"
"04/27/2021","27.90","26.35","27.90","26.35","","5.47%"
"04/26/2021","26.45","21.62","26.45","21.62","","22.80%"
"04/25/2021","21.54","21.89","23.30","20.94","","-1.31%"
"04/24/2021","21.83","23.57","23.75","21.80","","-7.40%"
"04/23/2021","23.57","23.90","23.90","20.84","","-1.77%"
"04/22/2021","24.00","25.81","27.22","24.00","","-7.16%"
"04/21/2021","25.85","27.45","27.89","25.85","","-5.84%"
"04/20/2021","27.45","26.30","28.19","24.84","","4.83%"
"04/19/2021","26.18","29.33","29.86","25.89","","-10.56%"
"04/18/2021","29.27","33.96","33.96","23.34","","-13.86%"
"04/17/2021","33.99","35.56","36.55","33.99","","-4.16%"
"04/16/2021","35.46","37.13","37.13","34.79","","-4.13%"
"04/15/2021","36.99","38.70","39.67","36.65","","-3.75%"
"04/14/2021","38.43","33.69","38.85","33.30","","14.17%"
"04/13/2021","33.66","34.02","34.52","32.26","","-0.46%"
"04/12/2021","33.82","31.64","34.26","31.60","","6.95%"
"04/11/2021","31.62","31.93","32.03","31.14","","-0.50%"
"04/10/2021","31.78","31.52","33.53","31.35","","1.00%"
"04/09/2021","31.46","30.79","31.79","30.38","","2.31%"
"04/08/2021","30.75","29.70","31.20","29.70","","4.25%"
"04/07/2021","29.50","31.61","31.68","28.87","","-6.25%"
"04/06/2021","31.46","31.26","33.92","30.96","","0.63%"
"04/05/2021","31.27","29.20","31.93","29.05","","7.21%"
"04/04/2021","29.16","27.97","29.60","27.97","","3.48%"
"04/03/2021","28.18","29.10","32.34","28.18","","-2.94%"
"04/02/2021","29.04","28.29","29.25","28.04","","2.45%"
"04/01/2021","28.34","28.76","29.08","28.19","","-1.39%"
"03/31/2021","28.74","29.63","29.79","27.52","","-2.93%"
"03/30/2021","29.61","29.54","30.24","29.18","","0.21%"
"03/29/2021","29.55","28.76","30.10","28.67","","2.94%"
"03/28/2021","28.70","27.80","29.13","27.31","","3.88%"
"03/27/2021","27.63","28.31","28.31","27.09","","-2.28%"
"03/26/2021","28.27","25.86","28.34","25.86","","9.53%"
"03/25/2021","25.81","25.82","27.25","25.25","","-0.34%"
"03/24/2021","25.90","28.44","30.11","25.90","","-9.06%"
"03/23/2021","28.48","29.33","30.75","28.48","","-2.40%"
"03/22/2021","29.18","32.83","33.08","29.18","","-11.05%"
"03/21/2021","32.81","34.10","35.43","32.36","","-4.08%"
"03/20/2021","34.20","37.40","38.39","34.20","","-8.48%"
"03/19/2021","37.37","33.22","37.76","33.22","","12.58%"
"03/18/2021","33.19","32.85","34.65","32.40","","1.58%"
"03/17/2021","32.68","33.00","33.00","31.05","","-1.12%"
"03/16/2021","33.05","28.89","33.05","28.36","","14.25%"
"03/15/2021","28.92","28.84","29.68","28.01","","-0.41%"
"03/14/2021","29.04","30.97","31.32","29.04","","-5.89%"
"03/13/2021","30.86","28.00","32.66","27.76","","10.28%"
"03/12/2021","27.98","30.90","30.90","27.64","","-9.12%"
"03/11/2021","30.79","29.68","32.62","29.33","","4.01%"
"03/10/2021","29.60","34.34","35.00","29.60","","-13.83%"
"03/09/2021","34.35","25.70","34.35","23.88","","34.18%"
"03/08/2021","25.60","26.75","26.96","25.51","","-4.25%"
"03/07/2021","26.74","24.98","27.86","24.98","","7.37%"
"03/06/2021","24.90","24.30","25.12","24.14","","2.29%"
"03/05/2021","24.35","25.67","25.67","23.79","","-5.56%"
"03/04/2021","25.78","26.88","28.16","25.20","","-5.35%"
"03/03/2021","27.24","27.12","28.52","26.95","","0.57%"
"03/02/2021","27.08","27.51","29.67","26.16","","-1.35%"
"03/01/2021","27.45","24.07","27.45","24.07","","14.68%"
"02/28/2021","23.94","25.63","25.84","22.78","","-7.07%"
"02/27/2021","25.76","26.11","26.98","25.76","","-0.67%"
"02/26/2021","25.94","26.74","27.48","25.20","","-2.42%"
"02/25/2021","26.58","29.71","30.44","26.58","","-11.00%"
"02/24/2021","29.86","27.59","31.30","26.94","","8.43%"
"02/23/2021","27.54","32.22","32.22","25.12","","-14.54%"
"02/22/2021","32.22","36.24","36.24","30.90","","-10.90%"
"02/21/2021","36.16","35.91","37.54","35.53","","0.96%"
"02/20/2021","35.82","38.89","41.60","35.82","","-7.59%"
"02/19/2021","38.76","41.05","41.05","38.43","","-5.36%"
"02/18/2021","40.96","37.33","43.28","36.97","","9.63%"
"02/17/2021","37.36","36.54","39.15","34.57","","2.37%"
"02/16/2021","36.49","38.41","38.54","35.78","","-4.45%"
"02/15/2021","38.20","39.35","43.06","35.31","","-2.39%"
"02/14/2021","39.13","44.24","44.24","38.91","","-11.37%"
"02/13/2021","44.15","48.67","50.49","44.15","","-8.58%"
"02/12/2021","48.30","47.27","51.05","44.91","","2.59%"
"02/11/2021","47.07","55.18","56.02","45.46","","-14.38%"
"02/10/2021","54.98","31.90","56.92","31.90","","74.32%"
"02/09/2021","31.54","30.16","31.69","28.46","","4.74%"
"02/08/2021","30.12","23.77","32.74","23.77","","26.82%"
"02/07/2021","23.75","18.08","23.75","18.08","","31.18%"
"02/06/2021","18.10","17.97","18.10","16.58","","1.06%"
"02/05/2021","17.91","15.29","17.91","15.29","","17.13%"
"02/04/2021","15.29","14.85","15.74","14.70","","3.06%"
"02/03/2021","14.84","13.50","14.84","13.35","","10.07%"
"02/02/2021","13.48","13.21","13.48","12.94","","1.94%"
"02/01/2021","13.23","13.41","13.41","12.70","","-1.82%"
"01/31/2021","13.47","12.03","14.32","12.03","","12.16%"
"01/30/2021","12.01","11.62","12.14","11.59","","3.39%"
"01/29/2021","11.62","11.95","12.06","11.52","","-2.71%"
"01/28/2021","11.94","11.13","12.44","11.13","","6.92%"
"01/27/2021","11.17","12.21","12.21","11.17","","-8.56%"
"01/26/2021","12.21","12.18","12.44","11.64","","0.54%"
"01/25/2021","12.15","12.49","12.86","12.15","","-2.56%"
"01/24/2021","12.47","12.87","13.15","12.42","","-3.19%"
"01/23/2021","12.88","12.77","13.21","12.77","","1.14%"
"01/22/2021","12.73","11.30","13.07","11.30","","12.55%"
"01/21/2021","11.31","12.42","12.57","11.25","","-8.61%"
"01/20/2021","12.38","11.73","12.58","11.33","","5.19%"
"01/19/2021","11.77","12.71","13.32","11.77","","-7.38%"
"01/18/2021","12.70","13.07","13.73","12.70","","-3.50%"
"01/17/2021","13.16","12.77","13.97","12.72","","2.72%"
"01/16/2021","12.82","9.38","12.91","9.28","","36.45%"
"01/15/2021","9.39","9.34","9.64","9.14","","0.28%"
"01/14/2021","9.37","8.49","9.37","8.27","","10.80%"
"01/13/2021","8.45","7.71","8.45","7.28","","9.15%"
"01/12/2021","7.74","6.44","7.83","6.44","","19.68%"
"01/11/2021","6.47","6.50","6.63","5.88","","-1.24%"
"01/10/2021","6.55","7.30","7.32","6.24","","-8.84%"
"01/09/2021","7.19","5.71","7.21","5.71","","24.08%"
"01/08/2021","5.79","4.48","5.79","4.32","","29.56%"
"01/07/2021","4.47","4.60","4.78","4.47","","-2.21%"
"01/06/2021","4.57","4.25","4.88","4.25","","7.58%"
"01/05/2021","4.25","3.61","4.32","3.57","","17.94%"
"01/04/2021","3.60","3.48","3.83","3.29","","3.80%"
"01/03/2021","3.47","3.50","3.75","3.47","","-0.69%"